date,state,positive,negative,pending,hospitalizedCurrently,hospitalizedCumulative,inIcuCurrently,inIcuCumulative,onVentilatorCurrently,onVentilatorCumulative,recovered,dataQualityGrade,lastUpdateEt,dateModified,checkTimeEt,death,hospitalized,dateChecked,totalTestsViral,positiveTestsViral,negativeTestsViral,positiveCasesViral,deathConfirmed,deathProbable,totalTestEncountersViral,totalTestsPeopleViral,totalTestsAntibody,positiveTestsAntibody,negativeTestsAntibody,totalTestsPeopleAntibody,positiveTestsPeopleAntibody,negativeTestsPeopleAntibody,totalTestsPeopleAntigen,positiveTestsPeopleAntigen,totalTestsAntigen,positiveTestsAntigen,fips,positiveIncrease,negativeIncrease,total,totalTestResults,totalTestResultsIncrease,posNeg,deathIncrease,hospitalizedIncrease,hash,commercialScore,negativeRegularScore,negativeScore,positiveScore,score,grade
20200226,Sindh,1,,,,,,,,,,,,,,0,,,,,,,,,,,,,,,,,,,,,,,,,,,,,,,,,,,,
20200227,Sindh,1,,,,,,,,,,,,,,0,,,,,,,,,,,,,,,,,,,,,,,,,,,,,,,,,,,,
20200228,Sindh,1,,,,,,,,,,,,,,0,,,,,,,,,,,,,,,,,,,,,,,,,,,,,,,,,,,,
20200301,Sindh,1,,,,,,,,,,,,,,0,,,,,,,,,,,,,,,,,,,,,,,,,,,,,,,,,,,,
20200302,Sindh,1,,,,,,,,,,,,,,0,,,,,,,,,,,,,,,,,,,,,,,,,,,,,,,,,,,,
20200303,Sindh,2,,,,,,,,,,,,,,0,,,,,,,,,,,,,,,,,,,,,,,,,,,,,,,,,,,,
20200304,Sindh,3,,,,,,,,,,,,,,0,,,,,,,,,,,,,,,,,,,,,,,,,,,,,,,,,,,,
20200305,Sindh,5,,,,,,,,,,,,,,0,,,,,,,,,,,,,,,,,,,,,,,,,,,,,,,,,,,,
20200306,Sindh,5,,,,,,,,,,,,,,0,,,,,,,,,,,,,,,,,,,,,,,,,,,,,,,,,,,,
20200307,Sindh,5,,,,,,,,,,,,,,0,,,,,,,,,,,,,,,,,,,,,,,,,,,,,,,,,,,,
20200308,Sindh,5,,,,,,,,,,,,,,0,,,,,,,,,,,,,,,,,,,,,,,,,,,,,,,,,,,,
20200309,Sindh,14,,,,,,,,,,,,,,0,,,,,,,,,,,,,,,,,,,,,,,,,,,,,,,,,,,,
20200310,Sindh,14,,,,,,,,,,,,,,0,,,,,,,,,,,,,,,,,,,,,,,,,,,,,,,,,,,,
20200311,Sindh,14,,,,,,,,,,,,,,0,,,,,,,,,,,,,,,,,,,,,,,,,,,,,,,,,,,,
20200312,Sindh,15,,,,,,,,,,,,,,0,,,,,,,,,,,,,,,,,,,,,,,,,,,,,,,,,,,,
20200313,Sindh,16,,,,,,,,,,,,,,0,,,,,,,,,,,,,,,,,,,,,,,,,,,,,,,,,,,,
20200314,Sindh,18,,,,,,,,,,,,,,0,,,,,,,,,,,,,,,,,,,,,,,,,,,,,,,,,,,,
20200315,Sindh,34,,,,,,,,,,,,,,0,,,,,,,,,,,,,,,,,,,,,,,,,,,,,,,,,,,,
20200316,Sindh,150,,,,,,,,,,,,,,0,,,,,,,,,,,,,,,,,,,,,,,,,,,,,,,,,,,,
20200317,Sindh,172,,,,,,,,,,,,,,0,,,,,,,,,,,,,,,,,,,,,,,,,,,,,,,,,,,,
20200318,Sindh,208,,,,,,,,,,,,,,0,,,,,,,,,,,,,,,,,,,,,,,,,,,,,,,,,,,,
20200319,Sindh,238,,,,,,,,,,,,,,0,,,,,,,,,,,,,,,,,,,,,,,,,,,,,,,,,,,,
20200320,Sindh,259,,,,,,,,,,,,,,1,,,,,,,,,,,,,,,,,,,,,,,,,,,,,,,,,,,,
20200321,Sindh,292,,,,,,,,,,,,,,1,,,,,,,,,,,,,,,,,,,,,,,,,,,,,,,,,,,,
20200322,Sindh,352,,,,,,,,,,,,,,1,,,,,,,,,,,,,,,,,,,,,,,,,,,,,,,,,,,,
20200323,Sindh,399,,,,,,,,,,,,,,1,,,,,,,,,,,,,,,,,,,,,,,,,,,,,,,,,,,,
20200324,Sindh,413,,,,,,,,,,,,,,1,,,,,,,,,,,,,,,,,,,,,,,,,,,,,,,,,,,,
20200325,Sindh,417,,,,,,,,,,,,,,1,,,,,,,,,,,,,,,,,,,,,,,,,,,,,,,,,,,,
20200326,Sindh,429,,,,,,,,,,,,,,1,,,,,,,,,,,,,,,,,,,,,,,,,,,,,,,,,,,,
20200327,Sindh,457,,,,,,,,,,,,,,1,,,,,,,,,,,,,,,,,,,,,,,,,,,,,,,,,,,,
20200328,Sindh,481,,,,,,,,,,,,,,2,,,,,,,,,,,,,,,,,,,,,,,,,,,,,,,,,,,,
20200329,Sindh,508,,,,,,,,,,,,,,5,,,,,,,,,,,,,,,,,,,,,,,,,,,,,,,,,,,,
20200330,Sindh,627,,,,,,,,,,,,,,7,,,,,,,,,,,,,,,,,,,,,,,,,,,,,,,,,,,,
20200331,Sindh,676,,,,,,,,,,,,,,8,,,,,,,,,,,,,,,,,,,,,,,,,,,,,,,,,,,,
20200401,Sindh,743,,,,,,,,,,,,,,9,,,,,,,,,,,,,,,,,,,,,,,,,,,,,,,,,,,,
20200402,Sindh,783,,,,,,,,,,,,,,11,,,,,,,,,,,,,,,,,,,,,,,,,,,,,,,,,,,,
20200403,Sindh,839,,,,,,,,,,,,,,14,,,,,,,,,,,,,,,,,,,,,,,,,,,,,,,,,,,,
20200404,Sindh,864,,,,,,,,,,,,,,15,,,,,,,,,,,,,,,,,,,,,,,,,,,,,,,,,,,,
20200405,Sindh,881,,,,,,,,,,,,,,15,,,,,,,,,,,,,,,,,,,,,,,,,,,,,,,,,,,,
20200406,Sindh,932,,,,,,,,,,,,,,17,,,,,,,,,,,,,,,,,,,,,,,,,,,,,,,,,,,,
20200407,Sindh,986,,,,,,,,,,,,,,18,,,,,,,,,,,,,,,,,,,,,,,,,,,,,,,,,,,,
20200408,Sindh,1036,,,,,,,,,,,,,,20,,,,,,,,,,,,,,,,,,,,,,,,,,,,,,,,,,,,
20200409,Sindh,1128,,,,,,,,,,,,,,21,,,,,,,,,,,,,,,,,,,,,,,,,,,,,,,,,,,,
20200410,Sindh,1214,,,,,,,,,,,,,,22,,,,,,,,,,,,,,,,,,,,,,,,,,,,,,,,,,,,
20200411,Sindh,1318,,,,,,,,,,,,,,28,,,,,,,,,,,,,,,,,,,,,,,,,,,,,,,,,,,,
20200412,Sindh,1411,,,,,,,,,,,,,,30,,,,,,,,,,,,,,,,,,,,,,,,,,,,,,,,,,,,
20200413,Sindh,1452,,,,,,,,,,,,,,31,,,,,,,,,,,,,,,,,,,,,,,,,,,,,,,,,,,,
20200414,Sindh,1518,,,,,,,,,,,,,,35,,,,,,,,,,,,,,,,,,,,,,,,,,,,,,,,,,,,
20200415,Sindh,1668,,,,,,,,,,,,,,41,,,,,,,,,,,,,,,,,,,,,,,,,,,,,,,,,,,,
20200416,Sindh,2008,,,,,,,,,,,,,,45,,,,,,,,,,,,,,,,,,,,,,,,,,,,,,,,,,,,
20200417,Sindh,2217,,,,,,,,,,,,,,47,,,,,,,,,,,,,,,,,,,,,,,,,,,,,,,,,,,,
20200418,Sindh,2355,,,,,,,,,,,,,,48,,,,,,,,,,,,,,,,,,,,,,,,,,,,,,,,,,,,
20200419,Sindh,2537,,,,,,,,,,,,,,56,,,,,,,,,,,,,,,,,,,,,,,,,,,,,,,,,,,,
20200420,Sindh,2764,,,,,,,,,,,,,,61,,,,,,,,,,,,,,,,,,,,,,,,,,,,,,,,,,,,
20200421,Sindh,3053,,,,,,,,,,,,,,66,,,,,,,,,,,,,,,,,,,,,,,,,,,,,,,,,,,,
20200422,Sindh,3373,,,,,,,,,,,,,,69,,,,,,,,,,,,,,,,,,,,,,,,,,,,,,,,,,,,
20200423,Sindh,3671,,,,,,,,,,,,,,73,,,,,,,,,,,,,,,,,,,,,,,,,,,,,,,,,,,,
20200424,Sindh,3945,,,,,,,,,,,,,,75,,,,,,,,,,,,,,,,,,,,,,,,,,,,,,,,,,,,
20200425,Sindh,4232,,,,,,,,,,,,,,78,,,,,,,,,,,,,,,,,,,,,,,,,,,,,,,,,,,,
20200426,Sindh,4615,,,,,,,,,,,,,,81,,,,,,,,,,,,,,,,,,,,,,,,,,,,,,,,,,,,
20200427,Sindh,4956,,,,,,,,,,,,,,85,,,,,,,,,,,,,,,,,,,,,,,,,,,,,,,,,,,,
20200428,Sindh,5291,,,,,,,,,,,,,,92,,,,,,,,,,,,,,,,,,,,,,,,,,,,,,,,,,,,
20200429,Sindh,5695,,,,,,,,,,,,,,100,,,,,,,,,,,,,,,,,,,,,,,,,,,,,,,,,,,,
20200430,Sindh,6053,,,,,,,,,,,,,,112,,,,,,,,,,,,,,,,,,,,,,,,,,,,,,,,,,,,
20200501,Sindh,6675,,,,,,,,,,,,,,118,,,,,,,,,,,,,,,,,,,,,,,,,,,,,,,,,,,,
20200502,Sindh,7102,,,,,,,,,,,,,,122,,,,,,,,,,,,,,,,,,,,,,,,,,,,,,,,,,,,
20200503,Sindh,7465,,,,,,,,,,,,,,130,,,,,,,,,,,,,,,,,,,,,,,,,,,,,,,,,,,,
20200504,Sindh,7882,,,,,,,,,,,,,,137,,,,,,,,,,,,,,,,,,,,,,,,,,,,,,,,,,,,
20200505,Sindh,8189,,,,,,,,,,,,,,148,,,,,,,,,,,,,,,,,,,,,,,,,,,,,,,,,,,,
20200506,Sindh,8640,,,,,,,,,,,,,,157,,,,,,,,,,,,,,,,,,,,,,,,,,,,,,,,,,,,
20200507,Sindh,9093,,,,,,,,,,,,,,171,,,,,,,,,,,,,,,,,,,,,,,,,,,,,,,,,,,,
20200508,Sindh,9691,,,,,,,,,,,,,,175,,,,,,,,,,,,,,,,,,,,,,,,,,,,,,,,,,,,
20200509,Sindh,10771,,,,,,,,,,,,,,180,,,,,,,,,,,,,,,,,,,,,,,,,,,,,,,,,,,,
20200510,Sindh,11480,,,,,,,,,,,,,,189,,,,,,,,,,,,,,,,,,,,,,,,,,,,,,,,,,,,
20200511,Sindh,12017,,,,,,,,,,,,,,200,,,,,,,,,,,,,,,,,,,,,,,,,,,,,,,,,,,,
20200512,Sindh,12610,,,,,,,,,,,,,,218,,,,,,,,,,,,,,,,,,,,,,,,,,,,,,,,,,,,
20200513,Sindh,13341,,,,,,,,,,,,,,234,,,,,,,,,,,,,,,,,,,,,,,,,,,,,,,,,,,,
20200514,Sindh,14099,,,,,,,,,,,,,,243,,,,,,,,,,,,,,,,,,,,,,,,,,,,,,,,,,,,
20200515,Sindh,14916,,,,,,,,,,,,,,255,,,,,,,,,,,,,,,,,,,,,,,,,,,,,,,,,,,,
20200516,Sindh,15590,,,,,,,,,,,,,,268,,,,,,,,,,,,,,,,,,,,,,,,,,,,,,,,,,,,
20200517,Sindh,16377,,,,,,,,,,,,,,277,,,,,,,,,,,,,,,,,,,,,,,,,,,,,,,,,,,,
20200518,Sindh,17241,,,,,,,,,,,,,,280,,,,,,,,,,,,,,,,,,,,,,,,,,,,,,,,,,,,
20200519,Sindh,17947,,,,,,,,,,,,,,299,,,,,,,,,,,,,,,,,,,,,,,,,,,,,,,,,,,,
20200520,Sindh,18964,,,,,,,,,,,,,,316,,,,,,,,,,,,,,,,,,,,,,,,,,,,,,,,,,,,
20200521,Sindh,19924,,,,,,,,,,,,,,336,,,,,,,,,,,,,,,,,,,,,,,,,,,,,,,,,,,,
20200522,Sindh,20883,,,,,,,,,,,,,,340,,,,,,,,,,,,,,,,,,,,,,,,,,,,,,,,,,,,
20200523,Sindh,21645,,,,,,,,,,,,,,354,,,,,,,,,,,,,,,,,,,,,,,,,,,,,,,,,,,,
20200524,Sindh,22491,,,,,,,,,,,,,,367,,,,,,,,,,,,,,,,,,,,,,,,,,,,,,,,,,,,
20200525,Sindh,22934,,,,,,,,,,,,,,369,,,,,,,,,,,,,,,,,,,,,,,,,,,,,,,,,,,,
20200526,Sindh,23507,,,,,,,,,,,,,,374,,,,,,,,,,,,,,,,,,,,,,,,,,,,,,,,,,,,
20200527,Sindh,24206,,,,,,,,,,,,,,380,,,,,,,,,,,,,,,,,,,,,,,,,,,,,,,,,,,,
20200528,Sindh,25309,,,,,,,,,,,,,,396,,,,,,,,,,,,,,,,,,,,,,,,,,,,,,,,,,,,
20200529,Sindh,26113,,,,,,,,,,,,,,427,,,,,,,,,,,,,,,,,,,,,,,,,,,,,,,,,,,,
20200530,Sindh,27360,,,,,,,,,,,,,,465,,,,,,,,,,,,,,,,,,,,,,,,,,,,,,,,,,,,
20200531,Sindh,28245,,,,,,,,,,,,,,481,,,,,,,,,,,,,,,,,,,,,,,,,,,,,,,,,,,,
20200601,Sindh,29647,,,,,,,,,,,,,,503,,,,,,,,,,,,,,,,,,,,,,,,,,,,,,,,,,,,
20200602,Sindh,31086,,,,,,,,,,,,,,526,,,,,,,,,,,,,,,,,,,,,,,,,,,,,,,,,,,,
20200603,Sindh,31869,,,,,,,,,,,,,,555,,,,,,,,,,,,,,,,,,,,,,,,,,,,,,,,,,,,
20200604,Sindh,33536,,,,,,,,,,,,,,575,,,,,,,,,,,,,,,,,,,,,,,,,,,,,,,,,,,,
20200605,Sindh,34889,,,,,,,,,,,,,,615,,,,,,,,,,,,,,,,,,,,,,,,,,,,,,,,,,,,
20200606,Sindh,36364,,,,,,,,,,,,,,634,,,,,,,,,,,,,,,,,,,,,,,,,,,,,,,,,,,,
20200607,Sindh,38108,,,,,,,,,,,,,,650,,,,,,,,,,,,,,,,,,,,,,,,,,,,,,,,,,,,
20200608,Sindh,39555,,,,,,,,,,,,,,679,,,,,,,,,,,,,,,,,,,,,,,,,,,,,,,,,,,,
20200609,Sindh,41303,,,,,,,,,,,,,,696,,,,,,,,,,,,,,,,,,,,,,,,,,,,,,,,,,,,
20200610,Sindh,43790,,,,,,,,,,,,,,738,,,,,,,,,,,,,,,,,,,,,,,,,,,,,,,,,,,,
20200611,Sindh,46828,,,,,,,,,,,,,,776,,,,,,,,,,,,,,,,,,,,,,,,,,,,,,,,,,,,
20200612,Sindh,49256,,,,,,,,,,,,,,793,,,,,,,,,,,,,,,,,,,,,,,,,,,,,,,,,,,,
20200613,Sindh,51518,,,,,,,,,,,,,,816,,,,,,,,,,,,,,,,,,,,,,,,,,,,,,,,,,,,
20200614,Sindh,53805,,,,,,,,,,,,,,831,,,,,,,,,,,,,,,,,,,,,,,,,,,,,,,,,,,,
20200615,Sindh,55581,,,,,,,,,,,,,,853,,,,,,,,,,,,,,,,,,,,,,,,,,,,,,,,,,,,
20200616,Sindh,57868,,,,,,,,,,,,,,886,,,,,,,,,,,,,,,,,,,,,,,,,,,,,,,,,,,,
20200617,Sindh,59983,,,,,,,,,,,,,,916,,,,,,,,,,,,,,,,,,,,,,,,,,,,,,,,,,,,
20200618,Sindh,62269,,,,,,,,,,,,,,964,,,,,,,,,,,,,,,,,,,,,,,,,,,,,,,,,,,,
20200619,Sindh,65163,,,,,,,,,,,,,,1013,,,,,,,,,,,,,,,,,,,,,,,,,,,,,,,,,,,,
20200620,Sindh,67353,,,,,,,,,,,,,,1048,,,,,,,,,,,,,,,,,,,,,,,,,,,,,,,,,,,,
20200621,Sindh,69628,,,,,,,,,,,,,,1089,,,,,,,,,,,,,,,,,,,,,,,,,,,,,,,,,,,,
20200622,Sindh,71092,,,,,,,,,,,,,,1103,,,,,,,,,,,,,,,,,,,,,,,,,,,,,,,,,,,,
20200623,Sindh,72656,,,,,,,,,,,,,,1124,,,,,,,,,,,,,,,,,,,,,,,,,,,,,,,,,,,,
20200624,Sindh,74070,,,,,,,,,,,,,,1161,,,,,,,,,,,,,,,,,,,,,,,,,,,,,,,,,,,,
20200625,Sindh,75168,,,,,,,,,,,,,,1178,,,,,,,,,,,,,,,,,,,,,,,,,,,,,,,,,,,,
20200626,Sindh,76318,,,,,,,,,,,,,,1205,,,,,,,,,,,,,,,,,,,,,,,,,,,,,,,,,,,,
20200627,Sindh,78267,,,,,,,,,,,,,,1243,,,,,,,,,,,,,,,,,,,,,,,,,,,,,,,,,,,,
20200628,Sindh,80446,,,,,,,,,,,,,,1288,,,,,,,,,,,,,,,,,,,,,,,,,,,,,,,,,,,,
20200629,Sindh,81985,,,,,,,,,,,,,,1343,,,,,,,,,,,,,,,,,,,,,,,,,,,,,,,,,,,,
20200630,Sindh,84640,,,,,,,,,,,,,,1377,,,,,,,,,,,,,,,,,,,,,,,,,,,,,,,,,,,,
20200701,Sindh,86795,,,,,,,,,,,,,,1406,,,,,,,,,,,,,,,,,,,,,,,,,,,,,,,,,,,,
20200702,Sindh,89225,,,,,,,,,,,,,,1437,,,,,,,,,,,,,,,,,,,,,,,,,,,,,,,,,,,,
20200703,Sindh,90721,,,,,,,,,,,,,,1459,,,,,,,,,,,,,,,,,,,,,,,,,,,,,,,,,,,,
20200704,Sindh,92306,,,,,,,,,,,,,,1501,,,,,,,,,,,,,,,,,,,,,,,,,,,,,,,,,,,,
20200705,Sindh,94528,,,,,,,,,,,,,,1526,,,,,,,,,,,,,,,,,,,,,,,,,,,,,,,,,,,,
20200706,Sindh,96236,,,,,,,,,,,,,,1572,,,,,,,,,,,,,,,,,,,,,,,,,,,,,,,,,,,,
20200707,Sindh,97626,,,,,,,,,,,,,,1614,,,,,,,,,,,,,,,,,,,,,,,,,,,,,,,,,,,,
20200708,Sindh,99362,,,,,,,,,,,,,,1637,,,,,,,,,,,,,,,,,,,,,,,,,,,,,,,,,,,,
20200709,Sindh,100900,,,,,,,,,,,,,,1677,,,,,,,,,,,,,,,,,,,,,,,,,,,,,,,,,,,,
20200710,Sindh,102368,,,,,,,,,,,,,,1713,,,,,,,,,,,,,,,,,,,,,,,,,,,,,,,,,,,,
20200711,Sindh,103820,,,,,,,,,,,,,,1747,,,,,,,,,,,,,,,,,,,,,,,,,,,,,,,,,,,,
20200712,Sindh,105533,,,,,,,,,,,,,,1795,,,,,,,,,,,,,,,,,,,,,,,,,,,,,,,,,,,,
20200713,Sindh,106622,,,,,,,,,,,,,,1826,,,,,,,,,,,,,,,,,,,,,,,,,,,,,,,,,,,,
20200714,Sindh,107773,,,,,,,,,,,,,,1863,,,,,,,,,,,,,,,,,,,,,,,,,,,,,,,,,,,,
20200715,Sindh,108913,,,,,,,,,,,,,,1888,,,,,,,,,,,,,,,,,,,,,,,,,,,,,,,,,,,,
20200716,Sindh,110068,,,,,,,,,,,,,,1922,,,,,,,,,,,,,,,,,,,,,,,,,,,,,,,,,,,,
20200717,Sindh,111238,,,,,,,,,,,,,,1952,,,,,,,,,,,,,,,,,,,,,,,,,,,,,,,,,,,,
20200718,Sindh,112118,,,,,,,,,,,,,,1974,,,,,,,,,,,,,,,,,,,,,,,,,,,,,,,,,,,,
20200719,Sindh,113007,,,,,,,,,,,,,,1993,,,,,,,,,,,,,,,,,,,,,,,,,,,,,,,,,,,,
20200720,Sindh,113553,,,,,,,,,,,,,,2019,,,,,,,,,,,,,,,,,,,,,,,,,,,,,,,,,,,,
20200721,Sindh,114104,,,,,,,,,,,,,,2041,,,,,,,,,,,,,,,,,,,,,,,,,,,,,,,,,,,,
20200722,Sindh,115213,,,,,,,,,,,,,,2060,,,,,,,,,,,,,,,,,,,,,,,,,,,,,,,,,,,,
20200723,Sindh,115883,,,,,,,,,,,,,,2096,,,,,,,,,,,,,,,,,,,,,,,,,,,,,,,,,,,,
20200724,Sindh,116800,,,,,,,,,,,,,,2110,,,,,,,,,,,,,,,,,,,,,,,,,,,,,,,,,,,,
20200725,Sindh,117598,,,,,,,,,,,,,,2135,,,,,,,,,,,,,,,,,,,,,,,,,,,,,,,,,,,,
20200726,Sindh,118311,,,,,,,,,,,,,,2151,,,,,,,,,,,,,,,,,,,,,,,,,,,,,,,,,,,,
20200727,Sindh,118824,,,,,,,,,,,,,,2162,,,,,,,,,,,,,,,,,,,,,,,,,,,,,,,,,,,,
20200728,Sindh,119398,,,,,,,,,,,,,,2172,,,,,,,,,,,,,,,,,,,,,,,,,,,,,,,,,,,,
20200729,Sindh,120052,,,,,,,,,,,,,,2189,,,,,,,,,,,,,,,,,,,,,,,,,,,,,,,,,,,,
20200730,Sindh,120550,,,,,,,,,,,,,,2209,,,,,,,,,,,,,,,,,,,,,,,,,,,,,,,,,,,,
20200731,Sindh,121039,,,,,,,,,,,,,,2220,,,,,,,,,,,,,,,,,,,,,,,,,,,,,,,,,,,,
20200801,Sindh,121309,,,,,,,,,,,,,,2223,,,,,,,,,,,,,,,,,,,,,,,,,,,,,,,,,,,,
20200802,Sindh,121486,,,,,,,,,,,,,,2224,,,,,,,,,,,,,,,,,,,,,,,,,,,,,,,,,,,,
20200803,Sindh,121705,,,,,,,,,,,,,,2226,,,,,,,,,,,,,,,,,,,,,,,,,,,,,,,,,,,,
20200804,Sindh,122016,,,,,,,,,,,,,,2231,,,,,,,,,,,,,,,,,,,,,,,,,,,,,,,,,,,,
20200805,Sindh,122373,,,,,,,,,,,,,,2245,,,,,,,,,,,,,,,,,,,,,,,,,,,,,,,,,,,,
20200806,Sindh,122759,,,,,,,,,,,,,,2250,,,,,,,,,,,,,,,,,,,,,,,,,,,,,,,,,,,,
20200807,Sindh,123246,,,,,,,,,,,,,,2259,,,,,,,,,,,,,,,,,,,,,,,,,,,,,,,,,,,,
20200808,Sindh,123546,,,,,,,,,,,,,,2262,,,,,,,,,,,,,,,,,,,,,,,,,,,,,,,,,,,,
20200809,Sindh,123849,,,,,,,,,,,,,,2272,,,,,,,,,,,,,,,,,,,,,,,,,,,,,,,,,,,,
20200810,Sindh,124127,,,,,,,,,,,,,,2282,,,,,,,,,,,,,,,,,,,,,,,,,,,,,,,,,,,,
20200811,Sindh,124556,,,,,,,,,,,,,,2290,,,,,,,,,,,,,,,,,,,,,,,,,,,,,,,,,,,,
20200812,Sindh,124929,,,,,,,,,,,,,,2297,,,,,,,,,,,,,,,,,,,,,,,,,,,,,,,,,,,,
20200813,Sindh,125289,,,,,,,,,,,,,,2307,,,,,,,,,,,,,,,,,,,,,,,,,,,,,,,,,,,,
20200814,Sindh,125632,,,,,,,,,,,,,,2313,,,,,,,,,,,,,,,,,,,,,,,,,,,,,,,,,,,,
20200815,Sindh,125904,,,,,,,,,,,,,,2317,,,,,,,,,,,,,,,,,,,,,,,,,,,,,,,,,,,,
20200816,Sindh,126182,,,,,,,,,,,,,,2322,,,,,,,,,,,,,,,,,,,,,,,,,,,,,,,,,,,,
20200817,Sindh,126425,,,,,,,,,,,,,,2331,,,,,,,,,,,,,,,,,,,,,,,,,,,,,,,,,,,,
20200818,Sindh,126743,,,,,,,,,,,,,,2336,,,,,,,,,,,,,,,,,,,,,,,,,,,,,,,,,,,,
20200819,Sindh,127060,,,,,,,,,,,,,,2343,,,,,,,,,,,,,,,,,,,,,,,,,,,,,,,,,,,,
20200820,Sindh,127381,,,,,,,,,,,,,,2350,,,,,,,,,,,,,,,,,,,,,,,,,,,,,,,,,,,,
20200821,Sindh,127691,,,,,,,,,,,,,,2357,,,,,,,,,,,,,,,,,,,,,,,,,,,,,,,,,,,,
20200822,Sindh,127965,,,,,,,,,,,,,,2358,,,,,,,,,,,,,,,,,,,,,,,,,,,,,,,,,,,,
20200823,Sindh,128284,,,,,,,,,,,,,,2367,,,,,,,,,,,,,,,,,,,,,,,,,,,,,,,,,,,,
20200226,Punjab,0,,,,,,,,,,,,,,0,,,,,,,,,,,,,,,,,,,,,,,,,,,,,,,,,,,,
20200227,Punjab,0,,,,,,,,,,,,,,0,,,,,,,,,,,,,,,,,,,,,,,,,,,,,,,,,,,,
20200228,Punjab,0,,,,,,,,,,,,,,0,,,,,,,,,,,,,,,,,,,,,,,,,,,,,,,,,,,,
20200301,Punjab,0,,,,,,,,,,,,,,0,,,,,,,,,,,,,,,,,,,,,,,,,,,,,,,,,,,,
20200302,Punjab,1,,,,,,,,,,,,,,0,,,,,,,,,,,,,,,,,,,,,,,,,,,,,,,,,,,,
20200303,Punjab,1,,,,,,,,,,,,,,0,,,,,,,,,,,,,,,,,,,,,,,,,,,,,,,,,,,,
20200304,Punjab,1,,,,,,,,,,,,,,0,,,,,,,,,,,,,,,,,,,,,,,,,,,,,,,,,,,,
20200305,Punjab,1,,,,,,,,,,,,,,0,,,,,,,,,,,,,,,,,,,,,,,,,,,,,,,,,,,,
20200306,Punjab,1,,,,,,,,,,,,,,0,,,,,,,,,,,,,,,,,,,,,,,,,,,,,,,,,,,,
20200307,Punjab,1,,,,,,,,,,,,,,0,,,,,,,,,,,,,,,,,,,,,,,,,,,,,,,,,,,,
20200308,Punjab,1,,,,,,,,,,,,,,0,,,,,,,,,,,,,,,,,,,,,,,,,,,,,,,,,,,,
20200309,Punjab,1,,,,,,,,,,,,,,0,,,,,,,,,,,,,,,,,,,,,,,,,,,,,,,,,,,,
20200310,Punjab,1,,,,,,,,,,,,,,0,,,,,,,,,,,,,,,,,,,,,,,,,,,,,,,,,,,,
20200311,Punjab,1,,,,,,,,,,,,,,0,,,,,,,,,,,,,,,,,,,,,,,,,,,,,,,,,,,,
20200312,Punjab,1,,,,,,,,,,,,,,0,,,,,,,,,,,,,,,,,,,,,,,,,,,,,,,,,,,,
20200313,Punjab,1,,,,,,,,,,,,,,0,,,,,,,,,,,,,,,,,,,,,,,,,,,,,,,,,,,,
20200314,Punjab,1,,,,,,,,,,,,,,0,,,,,,,,,,,,,,,,,,,,,,,,,,,,,,,,,,,,
20200315,Punjab,5,,,,,,,,,,,,,,0,,,,,,,,,,,,,,,,,,,,,,,,,,,,,,,,,,,,
20200316,Punjab,13,,,,,,,,,,,,,,0,,,,,,,,,,,,,,,,,,,,,,,,,,,,,,,,,,,,
20200317,Punjab,26,,,,,,,,,,,,,,0,,,,,,,,,,,,,,,,,,,,,,,,,,,,,,,,,,,,
20200318,Punjab,33,,,,,,,,,,,,,,0,,,,,,,,,,,,,,,,,,,,,,,,,,,,,,,,,,,,
20200319,Punjab,83,,,,,,,,,,,,,,0,,,,,,,,,,,,,,,,,,,,,,,,,,,,,,,,,,,,
20200320,Punjab,104,,,,,,,,,,,,,,0,,,,,,,,,,,,,,,,,,,,,,,,,,,,,,,,,,,,
20200321,Punjab,152,,,,,,,,,,,,,,0,,,,,,,,,,,,,,,,,,,,,,,,,,,,,,,,,,,,
20200322,Punjab,225,,,,,,,,,,,,,,0,,,,,,,,,,,,,,,,,,,,,,,,,,,,,,,,,,,,
20200323,Punjab,249,,,,,,,,,,,,,,0,,,,,,,,,,,,,,,,,,,,,,,,,,,,,,,,,,,,
20200324,Punjab,296,,,,,,,,,,,,,,1,,,,,,,,,,,,,,,,,,,,,,,,,,,,,,,,,,,,
20200325,Punjab,323,,,,,,,,,,,,,,2,,,,,,,,,,,,,,,,,,,,,,,,,,,,,,,,,,,,
20200326,Punjab,408,,,,,,,,,,,,,,3,,,,,,,,,,,,,,,,,,,,,,,,,,,,,,,,,,,,
20200327,Punjab,490,,,,,,,,,,,,,,5,,,,,,,,,,,,,,,,,,,,,,,,,,,,,,,,,,,,
20200328,Punjab,558,,,,,,,,,,,,,,5,,,,,,,,,,,,,,,,,,,,,,,,,,,,,,,,,,,,
20200329,Punjab,593,,,,,,,,,,,,,,6,,,,,,,,,,,,,,,,,,,,,,,,,,,,,,,,,,,,
20200330,Punjab,652,,,,,,,,,,,,,,9,,,,,,,,,,,,,,,,,,,,,,,,,,,,,,,,,,,,
20200331,Punjab,708,,,,,,,,,,,,,,9,,,,,,,,,,,,,,,,,,,,,,,,,,,,,,,,,,,,
20200401,Punjab,845,,,,,,,,,,,,,,11,,,,,,,,,,,,,,,,,,,,,,,,,,,,,,,,,,,,
20200402,Punjab,920,,,,,,,,,,,,,,11,,,,,,,,,,,,,,,,,,,,,,,,,,,,,,,,,,,,
20200403,Punjab,1072,,,,,,,,,,,,,,11,,,,,,,,,,,,,,,,,,,,,,,,,,,,,,,,,,,,
20200404,Punjab,1163,,,,,,,,,,,,,,12,,,,,,,,,,,,,,,,,,,,,,,,,,,,,,,,,,,,
20200405,Punjab,1493,,,,,,,,,,,,,,15,,,,,,,,,,,,,,,,,,,,,,,,,,,,,,,,,,,,
20200406,Punjab,1918,,,,,,,,,,,,,,15,,,,,,,,,,,,,,,,,,,,,,,,,,,,,,,,,,,,
20200407,Punjab,2030,,,,,,,,,,,,,,16,,,,,,,,,,,,,,,,,,,,,,,,,,,,,,,,,,,,
20200408,Punjab,2171,,,,,,,,,,,,,,17,,,,,,,,,,,,,,,,,,,,,,,,,,,,,,,,,,,,
20200409,Punjab,2279,,,,,,,,,,,,,,18,,,,,,,,,,,,,,,,,,,,,,,,,,,,,,,,,,,,
20200410,Punjab,2336,,,,,,,,,,,,,,19,,,,,,,,,,,,,,,,,,,,,,,,,,,,,,,,,,,,
20200411,Punjab,2425,,,,,,,,,,,,,,21,,,,,,,,,,,,,,,,,,,,,,,,,,,,,,,,,,,,
20200412,Punjab,2594,,,,,,,,,,,,,,23,,,,,,,,,,,,,,,,,,,,,,,,,,,,,,,,,,,,
20200413,Punjab,2826,,,,,,,,,,,,,,24,,,,,,,,,,,,,,,,,,,,,,,,,,,,,,,,,,,,
20200414,Punjab,2945,,,,,,,,,,,,,,28,,,,,,,,,,,,,,,,,,,,,,,,,,,,,,,,,,,,
20200415,Punjab,3217,,,,,,,,,,,,,,34,,,,,,,,,,,,,,,,,,,,,,,,,,,,,,,,,,,,
20200416,Punjab,3276,,,,,,,,,,,,,,36,,,,,,,,,,,,,,,,,,,,,,,,,,,,,,,,,,,,
20200417,Punjab,3391,,,,,,,,,,,,,,37,,,,,,,,,,,,,,,,,,,,,,,,,,,,,,,,,,,,
20200418,Punjab,3649,,,,,,,,,,,,,,41,,,,,,,,,,,,,,,,,,,,,,,,,,,,,,,,,,,,
20200419,Punjab,3721,,,,,,,,,,,,,,42,,,,,,,,,,,,,,,,,,,,,,,,,,,,,,,,,,,,
20200420,Punjab,4195,,,,,,,,,,,,,,45,,,,,,,,,,,,,,,,,,,,,,,,,,,,,,,,,,,,
20200421,Punjab,4328,,,,,,,,,,,,,,51,,,,,,,,,,,,,,,,,,,,,,,,,,,,,,,,,,,,
20200422,Punjab,4590,,,,,,,,,,,,,,58,,,,,,,,,,,,,,,,,,,,,,,,,,,,,,,,,,,,
20200423,Punjab,4767,,,,,,,,,,,,,,65,,,,,,,,,,,,,,,,,,,,,,,,,,,,,,,,,,,,
20200424,Punjab,5046,,,,,,,,,,,,,,73,,,,,,,,,,,,,,,,,,,,,,,,,,,,,,,,,,,,
20200425,Punjab,5378,,,,,,,,,,,,,,81,,,,,,,,,,,,,,,,,,,,,,,,,,,,,,,,,,,,
20200426,Punjab,5446,,,,,,,,,,,,,,83,,,,,,,,,,,,,,,,,,,,,,,,,,,,,,,,,,,,
20200427,Punjab,5640,,,,,,,,,,,,,,91,,,,,,,,,,,,,,,,,,,,,,,,,,,,,,,,,,,,
20200428,Punjab,5827,,,,,,,,,,,,,,100,,,,,,,,,,,,,,,,,,,,,,,,,,,,,,,,,,,,
20200429,Punjab,6061,,,,,,,,,,,,,,103,,,,,,,,,,,,,,,,,,,,,,,,,,,,,,,,,,,,
20200430,Punjab,6340,,,,,,,,,,,,,,106,,,,,,,,,,,,,,,,,,,,,,,,,,,,,,,,,,,,
20200501,Punjab,6733,,,,,,,,,,,,,,115,,,,,,,,,,,,,,,,,,,,,,,,,,,,,,,,,,,,
20200502,Punjab,7106,,,,,,,,,,,,,,120,,,,,,,,,,,,,,,,,,,,,,,,,,,,,,,,,,,,
20200503,Punjab,7524,,,,,,,,,,,,,,124,,,,,,,,,,,,,,,,,,,,,,,,,,,,,,,,,,,,
20200504,Punjab,8103,,,,,,,,,,,,,,136,,,,,,,,,,,,,,,,,,,,,,,,,,,,,,,,,,,,
20200505,Punjab,8420,,,,,,,,,,,,,,156,,,,,,,,,,,,,,,,,,,,,,,,,,,,,,,,,,,,
20200506,Punjab,9077,,,,,,,,,,,,,,175,,,,,,,,,,,,,,,,,,,,,,,,,,,,,,,,,,,,
20200507,Punjab,10033,,,,,,,,,,,,,,183,,,,,,,,,,,,,,,,,,,,,,,,,,,,,,,,,,,,
20200508,Punjab,10471,,,,,,,,,,,,,,191,,,,,,,,,,,,,,,,,,,,,,,,,,,,,,,,,,,,
20200509,Punjab,11093,,,,,,,,,,,,,,192,,,,,,,,,,,,,,,,,,,,,,,,,,,,,,,,,,,,
20200510,Punjab,11568,,,,,,,,,,,,,,197,,,,,,,,,,,,,,,,,,,,,,,,,,,,,,,,,,,,
20200511,Punjab,11869,,,,,,,,,,,,,,211,,,,,,,,,,,,,,,,,,,,,,,,,,,,,,,,,,,,
20200512,Punjab,13225,,,,,,,,,,,,,,214,,,,,,,,,,,,,,,,,,,,,,,,,,,,,,,,,,,,
20200513,Punjab,13561,,,,,,,,,,,,,,223,,,,,,,,,,,,,,,,,,,,,,,,,,,,,,,,,,,,
20200514,Punjab,13914,,,,,,,,,,,,,,234,,,,,,,,,,,,,,,,,,,,,,,,,,,,,,,,,,,,
20200515,Punjab,14201,,,,,,,,,,,,,,245,,,,,,,,,,,,,,,,,,,,,,,,,,,,,,,,,,,,
20200516,Punjab,14584,,,,,,,,,,,,,,252,,,,,,,,,,,,,,,,,,,,,,,,,,,,,,,,,,,,
20200517,Punjab,15346,,,,,,,,,,,,,,260,,,,,,,,,,,,,,,,,,,,,,,,,,,,,,,,,,,,
20200518,Punjab,15976,,,,,,,,,,,,,,273,,,,,,,,,,,,,,,,,,,,,,,,,,,,,,,,,,,,
20200519,Punjab,16685,,,,,,,,,,,,,,289,,,,,,,,,,,,,,,,,,,,,,,,,,,,,,,,,,,,
20200520,Punjab,17382,,,,,,,,,,,,,,297,,,,,,,,,,,,,,,,,,,,,,,,,,,,,,,,,,,,
20200521,Punjab,18455,,,,,,,,,,,,,,310,,,,,,,,,,,,,,,,,,,,,,,,,,,,,,,,,,,,
20200522,Punjab,18730,,,,,,,,,,,,,,324,,,,,,,,,,,,,,,,,,,,,,,,,,,,,,,,,,,,
20200523,Punjab,19557,,,,,,,,,,,,,,332,,,,,,,,,,,,,,,,,,,,,,,,,,,,,,,,,,,,
20200524,Punjab,20077,,,,,,,,,,,,,,337,,,,,,,,,,,,,,,,,,,,,,,,,,,,,,,,,,,,
20200525,Punjab,20654,,,,,,,,,,,,,,352,,,,,,,,,,,,,,,,,,,,,,,,,,,,,,,,,,,,
20200526,Punjab,21118,,,,,,,,,,,,,,362,,,,,,,,,,,,,,,,,,,,,,,,,,,,,,,,,,,,
20200527,Punjab,22037,,,,,,,,,,,,,,381,,,,,,,,,,,,,,,,,,,,,,,,,,,,,,,,,,,,
20200528,Punjab,22964,,,,,,,,,,,,,,410,,,,,,,,,,,,,,,,,,,,,,,,,,,,,,,,,,,,
20200529,Punjab,24104,,,,,,,,,,,,,,439,,,,,,,,,,,,,,,,,,,,,,,,,,,,,,,,,,,,
20200530,Punjab,25056,,,,,,,,,,,,,,475,,,,,,,,,,,,,,,,,,,,,,,,,,,,,,,,,,,,
20200531,Punjab,26240,,,,,,,,,,,,,,497,,,,,,,,,,,,,,,,,,,,,,,,,,,,,,,,,,,,
20200601,Punjab,27850,,,,,,,,,,,,,,540,,,,,,,,,,,,,,,,,,,,,,,,,,,,,,,,,,,,
20200602,Punjab,29489,,,,,,,,,,,,,,570,,,,,,,,,,,,,,,,,,,,,,,,,,,,,,,,,,,,
20200603,Punjab,31104,,,,,,,,,,,,,,607,,,,,,,,,,,,,,,,,,,,,,,,,,,,,,,,,,,,
20200604,Punjab,33144,,,,,,,,,,,,,,629,,,,,,,,,,,,,,,,,,,,,,,,,,,,,,,,,,,,
20200605,Punjab,35308,,,,,,,,,,,,,,659,,,,,,,,,,,,,,,,,,,,,,,,,,,,,,,,,,,,
20200606,Punjab,37090,,,,,,,,,,,,,,683,,,,,,,,,,,,,,,,,,,,,,,,,,,,,,,,,,,,
20200607,Punjab,38903,,,,,,,,,,,,,,715,,,,,,,,,,,,,,,,,,,,,,,,,,,,,,,,,,,,
20200608,Punjab,40819,,,,,,,,,,,,,,773,,,,,,,,,,,,,,,,,,,,,,,,,,,,,,,,,,,,
20200609,Punjab,43460,,,,,,,,,,,,,,807,,,,,,,,,,,,,,,,,,,,,,,,,,,,,,,,,,,,
20200610,Punjab,45463,,,,,,,,,,,,,,841,,,,,,,,,,,,,,,,,,,,,,,,,,,,,,,,,,,,
20200611,Punjab,47382,,,,,,,,,,,,,,890,,,,,,,,,,,,,,,,,,,,,,,,,,,,,,,,,,,,
20200612,Punjab,50087,,,,,,,,,,,,,,938,,,,,,,,,,,,,,,,,,,,,,,,,,,,,,,,,,,,
20200613,Punjab,52601,,,,,,,,,,,,,,969,,,,,,,,,,,,,,,,,,,,,,,,,,,,,,,,,,,,
20200614,Punjab,54138,,,,,,,,,,,,,,1031,,,,,,,,,,,,,,,,,,,,,,,,,,,,,,,,,,,,
20200615,Punjab,55878,,,,,,,,,,,,,,1081,,,,,,,,,,,,,,,,,,,,,,,,,,,,,,,,,,,,
20200616,Punjab,58239,,,,,,,,,,,,,,1149,,,,,,,,,,,,,,,,,,,,,,,,,,,,,,,,,,,,
20200617,Punjab,60138,,,,,,,,,,,,,,1202,,,,,,,,,,,,,,,,,,,,,,,,,,,,,,,,,,,,
20200618,Punjab,61678,,,,,,,,,,,,,,1265,,,,,,,,,,,,,,,,,,,,,,,,,,,,,,,,,,,,
20200619,Punjab,64216,,,,,,,,,,,,,,1347,,,,,,,,,,,,,,,,,,,,,,,,,,,,,,,,,,,,
20200620,Punjab,65739,,,,,,,,,,,,,,1407,,,,,,,,,,,,,,,,,,,,,,,,,,,,,,,,,,,,
20200621,Punjab,66943,,,,,,,,,,,,,,1435,,,,,,,,,,,,,,,,,,,,,,,,,,,,,,,,,,,,
20200622,Punjab,68308,,,,,,,,,,,,,,1495,,,,,,,,,,,,,,,,,,,,,,,,,,,,,,,,,,,,
20200623,Punjab,69536,,,,,,,,,,,,,,1516,,,,,,,,,,,,,,,,,,,,,,,,,,,,,,,,,,,,
20200624,Punjab,71191,,,,,,,,,,,,,,1602,,,,,,,,,,,,,,,,,,,,,,,,,,,,,,,,,,,,
20200625,Punjab,71987,,,,,,,,,,,,,,1629,,,,,,,,,,,,,,,,,,,,,,,,,,,,,,,,,,,,
20200626,Punjab,72880,,,,,,,,,,,,,,1656,,,,,,,,,,,,,,,,,,,,,,,,,,,,,,,,,,,,
20200627,Punjab,74202,,,,,,,,,,,,,,1673,,,,,,,,,,,,,,,,,,,,,,,,,,,,,,,,,,,,
20200628,Punjab,74778,,,,,,,,,,,,,,1681,,,,,,,,,,,,,,,,,,,,,,,,,,,,,,,,,,,,
20200629,Punjab,75501,,,,,,,,,,,,,,1727,,,,,,,,,,,,,,,,,,,,,,,,,,,,,,,,,,,,
20200630,Punjab,76262,,,,,,,,,,,,,,1762,,,,,,,,,,,,,,,,,,,,,,,,,,,,,,,,,,,,
20200701,Punjab,77740,,,,,,,,,,,,,,1784,,,,,,,,,,,,,,,,,,,,,,,,,,,,,,,,,,,,
20200702,Punjab,78956,,,,,,,,,,,,,,1819,,,,,,,,,,,,,,,,,,,,,,,,,,,,,,,,,,,,
20200703,Punjab,80297,,,,,,,,,,,,,,1844,,,,,,,,,,,,,,,,,,,,,,,,,,,,,,,,,,,,
20200704,Punjab,81317,,,,,,,,,,,,,,1871,,,,,,,,,,,,,,,,,,,,,,,,,,,,,,,,,,,,
20200705,Punjab,81963,,,,,,,,,,,,,,1884,,,,,,,,,,,,,,,,,,,,,,,,,,,,,,,,,,,,
20200706,Punjab,82669,,,,,,,,,,,,,,1899,,,,,,,,,,,,,,,,,,,,,,,,,,,,,,,,,,,,
20200707,Punjab,83599,,,,,,,,,,,,,,1929,,,,,,,,,,,,,,,,,,,,,,,,,,,,,,,,,,,,
20200708,Punjab,84587,,,,,,,,,,,,,,1955,,,,,,,,,,,,,,,,,,,,,,,,,,,,,,,,,,,,
20200709,Punjab,85261,,,,,,,,,,,,,,1972,,,,,,,,,,,,,,,,,,,,,,,,,,,,,,,,,,,,
20200710,Punjab,85991,,,,,,,,,,,,,,1985,,,,,,,,,,,,,,,,,,,,,,,,,,,,,,,,,,,,
20200711,Punjab,86556,,,,,,,,,,,,,,2006,,,,,,,,,,,,,,,,,,,,,,,,,,,,,,,,,,,,
20200712,Punjab,87043,,,,,,,,,,,,,,2013,,,,,,,,,,,,,,,,,,,,,,,,,,,,,,,,,,,,
20200713,Punjab,87492,,,,,,,,,,,,,,2026,,,,,,,,,,,,,,,,,,,,,,,,,,,,,,,,,,,,
20200714,Punjab,88045,,,,,,,,,,,,,,2043,,,,,,,,,,,,,,,,,,,,,,,,,,,,,,,,,,,,
20200715,Punjab,88539,,,,,,,,,,,,,,2051,,,,,,,,,,,,,,,,,,,,,,,,,,,,,,,,,,,,
20200716,Punjab,89023,,,,,,,,,,,,,,2059,,,,,,,,,,,,,,,,,,,,,,,,,,,,,,,,,,,,
20200717,Punjab,89465,,,,,,,,,,,,,,2067,,,,,,,,,,,,,,,,,,,,,,,,,,,,,,,,,,,,
20200718,Punjab,89793,,,,,,,,,,,,,,2079,,,,,,,,,,,,,,,,,,,,,,,,,,,,,,,,,,,,
20200719,Punjab,90191,,,,,,,,,,,,,,2083,,,,,,,,,,,,,,,,,,,,,,,,,,,,,,,,,,,,
20200720,Punjab,90444,,,,,,,,,,,,,,2090,,,,,,,,,,,,,,,,,,,,,,,,,,,,,,,,,,,,
20200721,Punjab,90816,,,,,,,,,,,,,,2095,,,,,,,,,,,,,,,,,,,,,,,,,,,,,,,,,,,,
20200722,Punjab,91129,,,,,,,,,,,,,,2100,,,,,,,,,,,,,,,,,,,,,,,,,,,,,,,,,,,,
20200723,Punjab,91423,,,,,,,,,,,,,,2105,,,,,,,,,,,,,,,,,,,,,,,,,,,,,,,,,,,,
20200724,Punjab,91691,,,,,,,,,,,,,,2113,,,,,,,,,,,,,,,,,,,,,,,,,,,,,,,,,,,,
20200725,Punjab,91901,,,,,,,,,,,,,,2116,,,,,,,,,,,,,,,,,,,,,,,,,,,,,,,,,,,,
20200726,Punjab,92073,,,,,,,,,,,,,,2116,,,,,,,,,,,,,,,,,,,,,,,,,,,,,,,,,,,,
20200727,Punjab,92279,,,,,,,,,,,,,,2125,,,,,,,,,,,,,,,,,,,,,,,,,,,,,,,,,,,,
20200728,Punjab,92452,,,,,,,,,,,,,,2133,,,,,,,,,,,,,,,,,,,,,,,,,,,,,,,,,,,,
20200729,Punjab,92655,,,,,,,,,,,,,,2138,,,,,,,,,,,,,,,,,,,,,,,,,,,,,,,,,,,,
20200730,Punjab,92873,,,,,,,,,,,,,,2140,,,,,,,,,,,,,,,,,,,,,,,,,,,,,,,,,,,,
20200731,Punjab,93057,,,,,,,,,,,,,,2142,,,,,,,,,,,,,,,,,,,,,,,,,,,,,,,,,,,,
20200801,Punjab,93173,,,,,,,,,,,,,,2144,,,,,,,,,,,,,,,,,,,,,,,,,,,,,,,,,,,,
20200802,Punjab,93197,,,,,,,,,,,,,,2148,,,,,,,,,,,,,,,,,,,,,,,,,,,,,,,,,,,,
20200803,Punjab,93336,,,,,,,,,,,,,,2153,,,,,,,,,,,,,,,,,,,,,,,,,,,,,,,,,,,,
20200804,Punjab,93571,,,,,,,,,,,,,,2157,,,,,,,,,,,,,,,,,,,,,,,,,,,,,,,,,,,,
20200805,Punjab,93847,,,,,,,,,,,,,,2162,,,,,,,,,,,,,,,,,,,,,,,,,,,,,,,,,,,,
20200806,Punjab,94040,,,,,,,,,,,,,,2164,,,,,,,,,,,,,,,,,,,,,,,,,,,,,,,,,,,,
20200807,Punjab,94223,,,,,,,,,,,,,,2166,,,,,,,,,,,,,,,,,,,,,,,,,,,,,,,,,,,,
20200808,Punjab,94360,,,,,,,,,,,,,,2169,,,,,,,,,,,,,,,,,,,,,,,,,,,,,,,,,,,,
20200809,Punjab,94477,,,,,,,,,,,,,,2170,,,,,,,,,,,,,,,,,,,,,,,,,,,,,,,,,,,,
20200810,Punjab,94586,,,,,,,,,,,,,,2174,,,,,,,,,,,,,,,,,,,,,,,,,,,,,,,,,,,,
20200811,Punjab,94715,,,,,,,,,,,,,,2177,,,,,,,,,,,,,,,,,,,,,,,,,,,,,,,,,,,,
20200812,Punjab,94865,,,,,,,,,,,,,,2179,,,,,,,,,,,,,,,,,,,,,,,,,,,,,,,,,,,,
20200813,Punjab,94993,,,,,,,,,,,,,,2180,,,,,,,,,,,,,,,,,,,,,,,,,,,,,,,,,,,,
20200814,Punjab,95203,,,,,,,,,,,,,,2180,,,,,,,,,,,,,,,,,,,,,,,,,,,,,,,,,,,,
20200815,Punjab,95391,,,,,,,,,,,,,,2182,,,,,,,,,,,,,,,,,,,,,,,,,,,,,,,,,,,,
20200816,Punjab,95447,,,,,,,,,,,,,,2182,,,,,,,,,,,,,,,,,,,,,,,,,,,,,,,,,,,,
20200817,Punjab,95611,,,,,,,,,,,,,,2185,,,,,,,,,,,,,,,,,,,,,,,,,,,,,,,,,,,,
20200818,Punjab,95742,,,,,,,,,,,,,,2186,,,,,,,,,,,,,,,,,,,,,,,,,,,,,,,,,,,,
20200819,Punjab,95800,,,,,,,,,,,,,,2186,,,,,,,,,,,,,,,,,,,,,,,,,,,,,,,,,,,,
20200820,Punjab,95958,,,,,,,,,,,,,,2188,,,,,,,,,,,,,,,,,,,,,,,,,,,,,,,,,,,,
20200821,Punjab,96057,,,,,,,,,,,,,,2188,,,,,,,,,,,,,,,,,,,,,,,,,,,,,,,,,,,,
20200822,Punjab,96178,,,,,,,,,,,,,,2188,,,,,,,,,,,,,,,,,,,,,,,,,,,,,,,,,,,,
20200823,Punjab,96233,,,,,,,,,,,,,,2188,,,,,,,,,,,,,,,,,,,,,,,,,,,,,,,,,,,,
20200226,KPK,0,,,,,,,,,,,,,,0,,,,,,,,,,,,,,,,,,,,,,,,,,,,,,,,,,,,
20200227,KPK,1,,,,,,,,,,,,,,0,,,,,,,,,,,,,,,,,,,,,,,,,,,,,,,,,,,,
20200228,KPK,1,,,,,,,,,,,,,,0,,,,,,,,,,,,,,,,,,,,,,,,,,,,,,,,,,,,
20200301,KPK,1,,,,,,,,,,,,,,0,,,,,,,,,,,,,,,,,,,,,,,,,,,,,,,,,,,,
20200302,KPK,1,,,,,,,,,,,,,,0,,,,,,,,,,,,,,,,,,,,,,,,,,,,,,,,,,,,
20200303,KPK,2,,,,,,,,,,,,,,0,,,,,,,,,,,,,,,,,,,,,,,,,,,,,,,,,,,,
20200304,KPK,2,,,,,,,,,,,,,,0,,,,,,,,,,,,,,,,,,,,,,,,,,,,,,,,,,,,
20200305,KPK,2,,,,,,,,,,,,,,0,,,,,,,,,,,,,,,,,,,,,,,,,,,,,,,,,,,,
20200306,KPK,2,,,,,,,,,,,,,,0,,,,,,,,,,,,,,,,,,,,,,,,,,,,,,,,,,,,
20200307,KPK,2,,,,,,,,,,,,,,0,,,,,,,,,,,,,,,,,,,,,,,,,,,,,,,,,,,,
20200308,KPK,2,,,,,,,,,,,,,,0,,,,,,,,,,,,,,,,,,,,,,,,,,,,,,,,,,,,
20200309,KPK,2,,,,,,,,,,,,,,0,,,,,,,,,,,,,,,,,,,,,,,,,,,,,,,,,,,,
20200310,KPK,2,,,,,,,,,,,,,,0,,,,,,,,,,,,,,,,,,,,,,,,,,,,,,,,,,,,
20200311,KPK,2,,,,,,,,,,,,,,0,,,,,,,,,,,,,,,,,,,,,,,,,,,,,,,,,,,,
20200312,KPK,2,,,,,,,,,,,,,,0,,,,,,,,,,,,,,,,,,,,,,,,,,,,,,,,,,,,
20200313,KPK,2,,,,,,,,,,,,,,0,,,,,,,,,,,,,,,,,,,,,,,,,,,,,,,,,,,,
20200314,KPK,2,,,,,,,,,,,,,,0,,,,,,,,,,,,,,,,,,,,,,,,,,,,,,,,,,,,
20200315,KPK,2,,,,,,,,,,,,,,0,,,,,,,,,,,,,,,,,,,,,,,,,,,,,,,,,,,,
20200316,KPK,15,,,,,,,,,,,,,,0,,,,,,,,,,,,,,,,,,,,,,,,,,,,,,,,,,,,
20200317,KPK,17,,,,,,,,,,,,,,0,,,,,,,,,,,,,,,,,,,,,,,,,,,,,,,,,,,,
20200318,KPK,19,,,,,,,,,,,,,,2,,,,,,,,,,,,,,,,,,,,,,,,,,,,,,,,,,,,
20200319,KPK,23,,,,,,,,,,,,,,2,,,,,,,,,,,,,,,,,,,,,,,,,,,,,,,,,,,,
20200320,KPK,27,,,,,,,,,,,,,,2,,,,,,,,,,,,,,,,,,,,,,,,,,,,,,,,,,,,
20200321,KPK,31,,,,,,,,,,,,,,2,,,,,,,,,,,,,,,,,,,,,,,,,,,,,,,,,,,,
20200322,KPK,31,,,,,,,,,,,,,,3,,,,,,,,,,,,,,,,,,,,,,,,,,,,,,,,,,,,
20200323,KPK,38,,,,,,,,,,,,,,3,,,,,,,,,,,,,,,,,,,,,,,,,,,,,,,,,,,,
20200324,KPK,78,,,,,,,,,,,,,,3,,,,,,,,,,,,,,,,,,,,,,,,,,,,,,,,,,,,
20200325,KPK,121,,,,,,,,,,,,,,3,,,,,,,,,,,,,,,,,,,,,,,,,,,,,,,,,,,,
20200326,KPK,147,,,,,,,,,,,,,,3,,,,,,,,,,,,,,,,,,,,,,,,,,,,,,,,,,,,
20200327,KPK,180,,,,,,,,,,,,,,3,,,,,,,,,,,,,,,,,,,,,,,,,,,,,,,,,,,,
20200328,KPK,188,,,,,,,,,,,,,,4,,,,,,,,,,,,,,,,,,,,,,,,,,,,,,,,,,,,
20200329,KPK,195,,,,,,,,,,,,,,5,,,,,,,,,,,,,,,,,,,,,,,,,,,,,,,,,,,,
20200330,KPK,221,,,,,,,,,,,,,,6,,,,,,,,,,,,,,,,,,,,,,,,,,,,,,,,,,,,
20200331,KPK,253,,,,,,,,,,,,,,6,,,,,,,,,,,,,,,,,,,,,,,,,,,,,,,,,,,,
20200401,KPK,274,,,,,,,,,,,,,,8,,,,,,,,,,,,,,,,,,,,,,,,,,,,,,,,,,,,
20200402,KPK,311,,,,,,,,,,,,,,9,,,,,,,,,,,,,,,,,,,,,,,,,,,,,,,,,,,,
20200403,KPK,343,,,,,,,,,,,,,,11,,,,,,,,,,,,,,,,,,,,,,,,,,,,,,,,,,,,
20200404,KPK,372,,,,,,,,,,,,,,14,,,,,,,,,,,,,,,,,,,,,,,,,,,,,,,,,,,,
20200405,KPK,415,,,,,,,,,,,,,,16,,,,,,,,,,,,,,,,,,,,,,,,,,,,,,,,,,,,
20200406,KPK,500,,,,,,,,,,,,,,17,,,,,,,,,,,,,,,,,,,,,,,,,,,,,,,,,,,,
20200407,KPK,529,,,,,,,,,,,,,,18,,,,,,,,,,,,,,,,,,,,,,,,,,,,,,,,,,,,
20200408,KPK,555,,,,,,,,,,,,,,20,,,,,,,,,,,,,,,,,,,,,,,,,,,,,,,,,,,,
20200409,KPK,617,,,,,,,,,,,,,,22,,,,,,,,,,,,,,,,,,,,,,,,,,,,,,,,,,,,
20200410,KPK,652,,,,,,,,,,,,,,25,,,,,,,,,,,,,,,,,,,,,,,,,,,,,,,,,,,,
20200411,KPK,697,,,,,,,,,,,,,,31,,,,,,,,,,,,,,,,,,,,,,,,,,,,,,,,,,,,
20200412,KPK,744,,,,,,,,,,,,,,34,,,,,,,,,,,,,,,,,,,,,,,,,,,,,,,,,,,,
20200413,KPK,800,,,,,,,,,,,,,,35,,,,,,,,,,,,,,,,,,,,,,,,,,,,,,,,,,,,
20200414,KPK,862,,,,,,,,,,,,,,38,,,,,,,,,,,,,,,,,,,,,,,,,,,,,,,,,,,,
20200415,KPK,935,,,,,,,,,,,,,,42,,,,,,,,,,,,,,,,,,,,,,,,,,,,,,,,,,,,
20200416,KPK,984,,,,,,,,,,,,,,45,,,,,,,,,,,,,,,,,,,,,,,,,,,,,,,,,,,,
20200417,KPK,1075,,,,,,,,,,,,,,50,,,,,,,,,,,,,,,,,,,,,,,,,,,,,,,,,,,,
20200418,KPK,1137,,,,,,,,,,,,,,60,,,,,,,,,,,,,,,,,,,,,,,,,,,,,,,,,,,,
20200419,KPK,1237,,,,,,,,,,,,,,67,,,,,,,,,,,,,,,,,,,,,,,,,,,,,,,,,,,,
20200420,KPK,1276,,,,,,,,,,,,,,74,,,,,,,,,,,,,,,,,,,,,,,,,,,,,,,,,,,,
20200421,KPK,1367,,,,,,,,,,,,,,80,,,,,,,,,,,,,,,,,,,,,,,,,,,,,,,,,,,,
20200422,KPK,1453,,,,,,,,,,,,,,83,,,,,,,,,,,,,,,,,,,,,,,,,,,,,,,,,,,,
20200423,KPK,1541,,,,,,,,,,,,,,85,,,,,,,,,,,,,,,,,,,,,,,,,,,,,,,,,,,,
20200424,KPK,1708,,,,,,,,,,,,,,89,,,,,,,,,,,,,,,,,,,,,,,,,,,,,,,,,,,,
20200425,KPK,1793,,,,,,,,,,,,,,93,,,,,,,,,,,,,,,,,,,,,,,,,,,,,,,,,,,,
20200426,KPK,1864,,,,,,,,,,,,,,98,,,,,,,,,,,,,,,,,,,,,,,,,,,,,,,,,,,,
20200427,KPK,1984,,,,,,,,,,,,,,104,,,,,,,,,,,,,,,,,,,,,,,,,,,,,,,,,,,,
20200428,KPK,2160,,,,,,,,,,,,,,114,,,,,,,,,,,,,,,,,,,,,,,,,,,,,,,,,,,,
20200429,KPK,2313,,,,,,,,,,,,,,137,,,,,,,,,,,,,,,,,,,,,,,,,,,,,,,,,,,,
20200430,KPK,2627,,,,,,,,,,,,,,146,,,,,,,,,,,,,,,,,,,,,,,,,,,,,,,,,,,,
20200501,KPK,2799,,,,,,,,,,,,,,161,,,,,,,,,,,,,,,,,,,,,,,,,,,,,,,,,,,,
20200502,KPK,2907,,,,,,,,,,,,,,172,,,,,,,,,,,,,,,,,,,,,,,,,,,,,,,,,,,,
20200503,KPK,3129,,,,,,,,,,,,,,180,,,,,,,,,,,,,,,,,,,,,,,,,,,,,,,,,,,,
20200504,KPK,3288,,,,,,,,,,,,,,185,,,,,,,,,,,,,,,,,,,,,,,,,,,,,,,,,,,,
20200505,KPK,3499,,,,,,,,,,,,,,194,,,,,,,,,,,,,,,,,,,,,,,,,,,,,,,,,,,,
20200506,KPK,3712,,,,,,,,,,,,,,203,,,,,,,,,,,,,,,,,,,,,,,,,,,,,,,,,,,,
20200507,KPK,3956,,,,,,,,,,,,,,209,,,,,,,,,,,,,,,,,,,,,,,,,,,,,,,,,,,,
20200508,KPK,4327,,,,,,,,,,,,,,221,,,,,,,,,,,,,,,,,,,,,,,,,,,,,,,,,,,,
20200509,KPK,4509,,,,,,,,,,,,,,234,,,,,,,,,,,,,,,,,,,,,,,,,,,,,,,,,,,,
20200510,KPK,4669,,,,,,,,,,,,,,245,,,,,,,,,,,,,,,,,,,,,,,,,,,,,,,,,,,,
20200511,KPK,4875,,,,,,,,,,,,,,257,,,,,,,,,,,,,,,,,,,,,,,,,,,,,,,,,,,,
20200512,KPK,5021,,,,,,,,,,,,,,267,,,,,,,,,,,,,,,,,,,,,,,,,,,,,,,,,,,,
20200513,KPK,5252,,,,,,,,,,,,,,275,,,,,,,,,,,,,,,,,,,,,,,,,,,,,,,,,,,,
20200514,KPK,5423,,,,,,,,,,,,,,284,,,,,,,,,,,,,,,,,,,,,,,,,,,,,,,,,,,,
20200515,KPK,5678,,,,,,,,,,,,,,291,,,,,,,,,,,,,,,,,,,,,,,,,,,,,,,,,,,,
20200516,KPK,5847,,,,,,,,,,,,,,305,,,,,,,,,,,,,,,,,,,,,,,,,,,,,,,,,,,,
20200517,KPK,6061,,,,,,,,,,,,,,318,,,,,,,,,,,,,,,,,,,,,,,,,,,,,,,,,,,,
20200518,KPK,6230,,,,,,,,,,,,,,334,,,,,,,,,,,,,,,,,,,,,,,,,,,,,,,,,,,,
20200519,KPK,6554,,,,,,,,,,,,,,345,,,,,,,,,,,,,,,,,,,,,,,,,,,,,,,,,,,,
20200520,KPK,6815,,,,,,,,,,,,,,351,,,,,,,,,,,,,,,,,,,,,,,,,,,,,,,,,,,,
20200521,KPK,7155,,,,,,,,,,,,,,365,,,,,,,,,,,,,,,,,,,,,,,,,,,,,,,,,,,,
20200522,KPK,7391,,,,,,,,,,,,,,381,,,,,,,,,,,,,,,,,,,,,,,,,,,,,,,,,,,,
20200523,KPK,7685,,,,,,,,,,,,,,389,,,,,,,,,,,,,,,,,,,,,,,,,,,,,,,,,,,,
20200524,KPK,7905,,,,,,,,,,,,,,398,,,,,,,,,,,,,,,,,,,,,,,,,,,,,,,,,,,,
20200525,KPK,8080,,,,,,,,,,,,,,408,,,,,,,,,,,,,,,,,,,,,,,,,,,,,,,,,,,,
20200526,KPK,8259,,,,,,,,,,,,,,416,,,,,,,,,,,,,,,,,,,,,,,,,,,,,,,,,,,,
20200527,KPK,8483,,,,,,,,,,,,,,425,,,,,,,,,,,,,,,,,,,,,,,,,,,,,,,,,,,,
20200528,KPK,8842,,,,,,,,,,,,,,432,,,,,,,,,,,,,,,,,,,,,,,,,,,,,,,,,,,,
20200529,KPK,9067,,,,,,,,,,,,,,445,,,,,,,,,,,,,,,,,,,,,,,,,,,,,,,,,,,,
20200530,KPK,9540,,,,,,,,,,,,,,453,,,,,,,,,,,,,,,,,,,,,,,,,,,,,,,,,,,,
20200531,KPK,10027,,,,,,,,,,,,,,473,,,,,,,,,,,,,,,,,,,,,,,,,,,,,,,,,,,,
20200601,KPK,10485,,,,,,,,,,,,,,482,,,,,,,,,,,,,,,,,,,,,,,,,,,,,,,,,,,,
20200602,KPK,10897,,,,,,,,,,,,,,490,,,,,,,,,,,,,,,,,,,,,,,,,,,,,,,,,,,,
20200603,KPK,11373,,,,,,,,,,,,,,500,,,,,,,,,,,,,,,,,,,,,,,,,,,,,,,,,,,,
20200604,KPK,11890,,,,,,,,,,,,,,521,,,,,,,,,,,,,,,,,,,,,,,,,,,,,,,,,,,,
20200605,KPK,12459,,,,,,,,,,,,,,541,,,,,,,,,,,,,,,,,,,,,,,,,,,,,,,,,,,,
20200606,KPK,13001,,,,,,,,,,,,,,561,,,,,,,,,,,,,,,,,,,,,,,,,,,,,,,,,,,,
20200607,KPK,13487,,,,,,,,,,,,,,575,,,,,,,,,,,,,,,,,,,,,,,,,,,,,,,,,,,,
20200608,KPK,14006,,,,,,,,,,,,,,587,,,,,,,,,,,,,,,,,,,,,,,,,,,,,,,,,,,,
20200609,KPK,14527,,,,,,,,,,,,,,610,,,,,,,,,,,,,,,,,,,,,,,,,,,,,,,,,,,,
20200610,KPK,15206,,,,,,,,,,,,,,619,,,,,,,,,,,,,,,,,,,,,,,,,,,,,,,,,,,,
20200611,KPK,15787,,,,,,,,,,,,,,632,,,,,,,,,,,,,,,,,,,,,,,,,,,,,,,,,,,,
20200612,KPK,16415,,,,,,,,,,,,,,642,,,,,,,,,,,,,,,,,,,,,,,,,,,,,,,,,,,,
20200613,KPK,17450,,,,,,,,,,,,,,661,,,,,,,,,,,,,,,,,,,,,,,,,,,,,,,,,,,,
20200614,KPK,18013,,,,,,,,,,,,,,675,,,,,,,,,,,,,,,,,,,,,,,,,,,,,,,,,,,,
20200615,KPK,18472,,,,,,,,,,,,,,707,,,,,,,,,,,,,,,,,,,,,,,,,,,,,,,,,,,,
20200616,KPK,19107,,,,,,,,,,,,,,731,,,,,,,,,,,,,,,,,,,,,,,,,,,,,,,,,,,,
20200617,KPK,19613,,,,,,,,,,,,,,755,,,,,,,,,,,,,,,,,,,,,,,,,,,,,,,,,,,,
20200618,KPK,20182,,,,,,,,,,,,,,773,,,,,,,,,,,,,,,,,,,,,,,,,,,,,,,,,,,,
20200619,KPK,20790,,,,,,,,,,,,,,789,,,,,,,,,,,,,,,,,,,,,,,,,,,,,,,,,,,,
20200620,KPK,21444,,,,,,,,,,,,,,808,,,,,,,,,,,,,,,,,,,,,,,,,,,,,,,,,,,,
20200621,KPK,21997,,,,,,,,,,,,,,821,,,,,,,,,,,,,,,,,,,,,,,,,,,,,,,,,,,,
20200622,KPK,22633,,,,,,,,,,,,,,843,,,,,,,,,,,,,,,,,,,,,,,,,,,,,,,,,,,,
20200623,KPK,23388,,,,,,,,,,,,,,855,,,,,,,,,,,,,,,,,,,,,,,,,,,,,,,,,,,,
20200624,KPK,23887,,,,,,,,,,,,,,869,,,,,,,,,,,,,,,,,,,,,,,,,,,,,,,,,,,,
20200625,KPK,24303,,,,,,,,,,,,,,879,,,,,,,,,,,,,,,,,,,,,,,,,,,,,,,,,,,,
20200626,KPK,24943,,,,,,,,,,,,,,890,,,,,,,,,,,,,,,,,,,,,,,,,,,,,,,,,,,,
20200627,KPK,25380,,,,,,,,,,,,,,914,,,,,,,,,,,,,,,,,,,,,,,,,,,,,,,,,,,,
20200628,KPK,25778,,,,,,,,,,,,,,922,,,,,,,,,,,,,,,,,,,,,,,,,,,,,,,,,,,,
20200629,KPK,26115,,,,,,,,,,,,,,935,,,,,,,,,,,,,,,,,,,,,,,,,,,,,,,,,,,,
20200630,KPK,26598,,,,,,,,,,,,,,951,,,,,,,,,,,,,,,,,,,,,,,,,,,,,,,,,,,,
20200701,KPK,26938,,,,,,,,,,,,,,973,,,,,,,,,,,,,,,,,,,,,,,,,,,,,,,,,,,,
20200702,KPK,27170,,,,,,,,,,,,,,983,,,,,,,,,,,,,,,,,,,,,,,,,,,,,,,,,,,,
20200703,KPK,27506,,,,,,,,,,,,,,1002,,,,,,,,,,,,,,,,,,,,,,,,,,,,,,,,,,,,
20200704,KPK,27843,,,,,,,,,,,,,,1020,,,,,,,,,,,,,,,,,,,,,,,,,,,,,,,,,,,,
20200705,KPK,28116,,,,,,,,,,,,,,1028,,,,,,,,,,,,,,,,,,,,,,,,,,,,,,,,,,,,
20200706,KPK,28236,,,,,,,,,,,,,,1038,,,,,,,,,,,,,,,,,,,,,,,,,,,,,,,,,,,,
20200707,KPK,28681,,,,,,,,,,,,,,1045,,,,,,,,,,,,,,,,,,,,,,,,,,,,,,,,,,,,
20200708,KPK,29052,,,,,,,,,,,,,,1054,,,,,,,,,,,,,,,,,,,,,,,,,,,,,,,,,,,,
20200709,KPK,29406,,,,,,,,,,,,,,1063,,,,,,,,,,,,,,,,,,,,,,,,,,,,,,,,,,,,
20200710,KPK,29775,,,,,,,,,,,,,,1074,,,,,,,,,,,,,,,,,,,,,,,,,,,,,,,,,,,,
20200711,KPK,30078,,,,,,,,,,,,,,1087,,,,,,,,,,,,,,,,,,,,,,,,,,,,,,,,,,,,
20200712,KPK,30486,,,,,,,,,,,,,,1103,,,,,,,,,,,,,,,,,,,,,,,,,,,,,,,,,,,,
20200713,KPK,30747,,,,,,,,,,,,,,1106,,,,,,,,,,,,,,,,,,,,,,,,,,,,,,,,,,,,
20200714,KPK,31001,,,,,,,,,,,,,,1114,,,,,,,,,,,,,,,,,,,,,,,,,,,,,,,,,,,,
20200715,KPK,31217,,,,,,,,,,,,,,1120,,,,,,,,,,,,,,,,,,,,,,,,,,,,,,,,,,,,
20200716,KPK,31486,,,,,,,,,,,,,,1124,,,,,,,,,,,,,,,,,,,,,,,,,,,,,,,,,,,,
20200717,KPK,31669,,,,,,,,,,,,,,1130,,,,,,,,,,,,,,,,,,,,,,,,,,,,,,,,,,,,
20200718,KPK,31890,,,,,,,,,,,,,,1139,,,,,,,,,,,,,,,,,,,,,,,,,,,,,,,,,,,,
20200719,KPK,32086,,,,,,,,,,,,,,1142,,,,,,,,,,,,,,,,,,,,,,,,,,,,,,,,,,,,
20200720,KPK,32243,,,,,,,,,,,,,,1147,,,,,,,,,,,,,,,,,,,,,,,,,,,,,,,,,,,,
20200721,KPK,32523,,,,,,,,,,,,,,1153,,,,,,,,,,,,,,,,,,,,,,,,,,,,,,,,,,,,
20200722,KPK,32753,,,,,,,,,,,,,,1158,,,,,,,,,,,,,,,,,,,,,,,,,,,,,,,,,,,,
20200723,KPK,32898,,,,,,,,,,,,,,1169,,,,,,,,,,,,,,,,,,,,,,,,,,,,,,,,,,,,
20200724,KPK,33071,,,,,,,,,,,,,,1170,,,,,,,,,,,,,,,,,,,,,,,,,,,,,,,,,,,,
20200725,KPK,33220,,,,,,,,,,,,,,1176,,,,,,,,,,,,,,,,,,,,,,,,,,,,,,,,,,,,
20200726,KPK,33397,,,,,,,,,,,,,,1178,,,,,,,,,,,,,,,,,,,,,,,,,,,,,,,,,,,,
20200727,KPK,33510,,,,,,,,,,,,,,1180,,,,,,,,,,,,,,,,,,,,,,,,,,,,,,,,,,,,
20200728,KPK,33724,,,,,,,,,,,,,,1186,,,,,,,,,,,,,,,,,,,,,,,,,,,,,,,,,,,,
20200729,KPK,33845,,,,,,,,,,,,,,1192,,,,,,,,,,,,,,,,,,,,,,,,,,,,,,,,,,,,
20200730,KPK,33958,,,,,,,,,,,,,,1194,,,,,,,,,,,,,,,,,,,,,,,,,,,,,,,,,,,,
20200731,KPK,34056,,,,,,,,,,,,,,1199,,,,,,,,,,,,,,,,,,,,,,,,,,,,,,,,,,,,
20200801,KPK,34160,,,,,,,,,,,,,,1200,,,,,,,,,,,,,,,,,,,,,,,,,,,,,,,,,,,,
20200802,KPK,34223,,,,,,,,,,,,,,1202,,,,,,,,,,,,,,,,,,,,,,,,,,,,,,,,,,,,
20200803,KPK,34253,,,,,,,,,,,,,,1208,,,,,,,,,,,,,,,,,,,,,,,,,,,,,,,,,,,,
20200804,KPK,34324,,,,,,,,,,,,,,1213,,,,,,,,,,,,,,,,,,,,,,,,,,,,,,,,,,,,
20200805,KPK,34359,,,,,,,,,,,,,,1215,,,,,,,,,,,,,,,,,,,,,,,,,,,,,,,,,,,,
20200806,KPK,34432,,,,,,,,,,,,,,1221,,,,,,,,,,,,,,,,,,,,,,,,,,,,,,,,,,,,
20200807,KPK,34539,,,,,,,,,,,,,,1228,,,,,,,,,,,,,,,,,,,,,,,,,,,,,,,,,,,,
20200808,KPK,34635,,,,,,,,,,,,,,1230,,,,,,,,,,,,,,,,,,,,,,,,,,,,,,,,,,,,
20200809,KPK,34692,,,,,,,,,,,,,,1231,,,,,,,,,,,,,,,,,,,,,,,,,,,,,,,,,,,,
20200810,KPK,34755,,,,,,,,,,,,,,1231,,,,,,,,,,,,,,,,,,,,,,,,,,,,,,,,,,,,
20200811,KPK,34859,,,,,,,,,,,,,,1235,,,,,,,,,,,,,,,,,,,,,,,,,,,,,,,,,,,,
20200812,KPK,34947,,,,,,,,,,,,,,1235,,,,,,,,,,,,,,,,,,,,,,,,,,,,,,,,,,,,
20200813,KPK,35021,,,,,,,,,,,,,,1236,,,,,,,,,,,,,,,,,,,,,,,,,,,,,,,,,,,,
20200814,KPK,35091,,,,,,,,,,,,,,1238,,,,,,,,,,,,,,,,,,,,,,,,,,,,,,,,,,,,
20200815,KPK,35153,,,,,,,,,,,,,,1238,,,,,,,,,,,,,,,,,,,,,,,,,,,,,,,,,,,,
20200816,KPK,35215,,,,,,,,,,,,,,1239,,,,,,,,,,,,,,,,,,,,,,,,,,,,,,,,,,,,
20200817,KPK,35337,,,,,,,,,,,,,,1239,,,,,,,,,,,,,,,,,,,,,,,,,,,,,,,,,,,,
20200818,KPK,35401,,,,,,,,,,,,,,1242,,,,,,,,,,,,,,,,,,,,,,,,,,,,,,,,,,,,
20200819,KPK,35468,,,,,,,,,,,,,,1242,,,,,,,,,,,,,,,,,,,,,,,,,,,,,,,,,,,,
20200820,KPK,35545,,,,,,,,,,,,,,1243,,,,,,,,,,,,,,,,,,,,,,,,,,,,,,,,,,,,
20200821,KPK,35602,,,,,,,,,,,,,,1246,,,,,,,,,,,,,,,,,,,,,,,,,,,,,,,,,,,,
20200822,KPK,35720,,,,,,,,,,,,,,1248,,,,,,,,,,,,,,,,,,,,,,,,,,,,,,,,,,,,
20200823,KPK,35766,,,,,,,,,,,,,,1248,,,,,,,,,,,,,,,,,,,,,,,,,,,,,,,,,,,,
20200226,Balochistan,0,,,,,,,,,,,,,,0,,,,,,,,,,,,,,,,,,,,,,,,,,,,,,,,,,,,
20200227,Balochistan,0,,,,,,,,,,,,,,0,,,,,,,,,,,,,,,,,,,,,,,,,,,,,,,,,,,,
20200228,Balochistan,0,,,,,,,,,,,,,,0,,,,,,,,,,,,,,,,,,,,,,,,,,,,,,,,,,,,
20200301,Balochistan,0,,,,,,,,,,,,,,0,,,,,,,,,,,,,,,,,,,,,,,,,,,,,,,,,,,,
20200302,Balochistan,0,,,,,,,,,,,,,,0,,,,,,,,,,,,,,,,,,,,,,,,,,,,,,,,,,,,
20200303,Balochistan,0,,,,,,,,,,,,,,0,,,,,,,,,,,,,,,,,,,,,,,,,,,,,,,,,,,,
20200304,Balochistan,0,,,,,,,,,,,,,,0,,,,,,,,,,,,,,,,,,,,,,,,,,,,,,,,,,,,
20200305,Balochistan,0,,,,,,,,,,,,,,0,,,,,,,,,,,,,,,,,,,,,,,,,,,,,,,,,,,,
20200306,Balochistan,1,,,,,,,,,,,,,,0,,,,,,,,,,,,,,,,,,,,,,,,,,,,,,,,,,,,
20200307,Balochistan,1,,,,,,,,,,,,,,0,,,,,,,,,,,,,,,,,,,,,,,,,,,,,,,,,,,,
20200308,Balochistan,1,,,,,,,,,,,,,,0,,,,,,,,,,,,,,,,,,,,,,,,,,,,,,,,,,,,
20200309,Balochistan,1,,,,,,,,,,,,,,0,,,,,,,,,,,,,,,,,,,,,,,,,,,,,,,,,,,,
20200310,Balochistan,1,,,,,,,,,,,,,,0,,,,,,,,,,,,,,,,,,,,,,,,,,,,,,,,,,,,
20200311,Balochistan,1,,,,,,,,,,,,,,0,,,,,,,,,,,,,,,,,,,,,,,,,,,,,,,,,,,,
20200312,Balochistan,1,,,,,,,,,,,,,,0,,,,,,,,,,,,,,,,,,,,,,,,,,,,,,,,,,,,
20200313,Balochistan,6,,,,,,,,,,,,,,0,,,,,,,,,,,,,,,,,,,,,,,,,,,,,,,,,,,,
20200314,Balochistan,6,,,,,,,,,,,,,,0,,,,,,,,,,,,,,,,,,,,,,,,,,,,,,,,,,,,
20200315,Balochistan,11,,,,,,,,,,,,,,0,,,,,,,,,,,,,,,,,,,,,,,,,,,,,,,,,,,,
20200316,Balochistan,14,,,,,,,,,,,,,,0,,,,,,,,,,,,,,,,,,,,,,,,,,,,,,,,,,,,
20200317,Balochistan,15,,,,,,,,,,,,,,0,,,,,,,,,,,,,,,,,,,,,,,,,,,,,,,,,,,,
20200318,Balochistan,23,,,,,,,,,,,,,,0,,,,,,,,,,,,,,,,,,,,,,,,,,,,,,,,,,,,
20200319,Balochistan,81,,,,,,,,,,,,,,0,,,,,,,,,,,,,,,,,,,,,,,,,,,,,,,,,,,,
20200320,Balochistan,103,,,,,,,,,,,,,,0,,,,,,,,,,,,,,,,,,,,,,,,,,,,,,,,,,,,
20200321,Balochistan,104,,,,,,,,,,,,,,0,,,,,,,,,,,,,,,,,,,,,,,,,,,,,,,,,,,,
20200322,Balochistan,108,,,,,,,,,,,,,,1,,,,,,,,,,,,,,,,,,,,,,,,,,,,,,,,,,,,
20200323,Balochistan,110,,,,,,,,,,,,,,1,,,,,,,,,,,,,,,,,,,,,,,,,,,,,,,,,,,,
20200324,Balochistan,115,,,,,,,,,,,,,,1,,,,,,,,,,,,,,,,,,,,,,,,,,,,,,,,,,,,
20200325,Balochistan,131,,,,,,,,,,,,,,1,,,,,,,,,,,,,,,,,,,,,,,,,,,,,,,,,,,,
20200326,Balochistan,131,,,,,,,,,,,,,,1,,,,,,,,,,,,,,,,,,,,,,,,,,,,,,,,,,,,
20200327,Balochistan,133,,,,,,,,,,,,,,1,,,,,,,,,,,,,,,,,,,,,,,,,,,,,,,,,,,,
20200328,Balochistan,138,,,,,,,,,,,,,,1,,,,,,,,,,,,,,,,,,,,,,,,,,,,,,,,,,,,
20200329,Balochistan,144,,,,,,,,,,,,,,1,,,,,,,,,,,,,,,,,,,,,,,,,,,,,,,,,,,,
20200330,Balochistan,153,,,,,,,,,,,,,,1,,,,,,,,,,,,,,,,,,,,,,,,,,,,,,,,,,,,
20200331,Balochistan,158,,,,,,,,,,,,,,1,,,,,,,,,,,,,,,,,,,,,,,,,,,,,,,,,,,,
20200401,Balochistan,169,,,,,,,,,,,,,,1,,,,,,,,,,,,,,,,,,,,,,,,,,,,,,,,,,,,
20200402,Balochistan,169,,,,,,,,,,,,,,1,,,,,,,,,,,,,,,,,,,,,,,,,,,,,,,,,,,,
20200403,Balochistan,175,,,,,,,,,,,,,,1,,,,,,,,,,,,,,,,,,,,,,,,,,,,,,,,,,,,
20200404,Balochistan,185,,,,,,,,,,,,,,1,,,,,,,,,,,,,,,,,,,,,,,,,,,,,,,,,,,,
20200405,Balochistan,191,,,,,,,,,,,,,,1,,,,,,,,,,,,,,,,,,,,,,,,,,,,,,,,,,,,
20200406,Balochistan,202,,,,,,,,,,,,,,1,,,,,,,,,,,,,,,,,,,,,,,,,,,,,,,,,,,,
20200407,Balochistan,206,,,,,,,,,,,,,,1,,,,,,,,,,,,,,,,,,,,,,,,,,,,,,,,,,,,
20200408,Balochistan,212,,,,,,,,,,,,,,1,,,,,,,,,,,,,,,,,,,,,,,,,,,,,,,,,,,,
20200409,Balochistan,219,,,,,,,,,,,,,,1,,,,,,,,,,,,,,,,,,,,,,,,,,,,,,,,,,,,
20200410,Balochistan,220,,,,,,,,,,,,,,1,,,,,,,,,,,,,,,,,,,,,,,,,,,,,,,,,,,,
20200411,Balochistan,228,,,,,,,,,,,,,,2,,,,,,,,,,,,,,,,,,,,,,,,,,,,,,,,,,,,
20200412,Balochistan,230,,,,,,,,,,,,,,2,,,,,,,,,,,,,,,,,,,,,,,,,,,,,,,,,,,,
20200413,Balochistan,231,,,,,,,,,,,,,,2,,,,,,,,,,,,,,,,,,,,,,,,,,,,,,,,,,,,
20200414,Balochistan,240,,,,,,,,,,,,,,2,,,,,,,,,,,,,,,,,,,,,,,,,,,,,,,,,,,,
20200415,Balochistan,280,,,,,,,,,,,,,,3,,,,,,,,,,,,,,,,,,,,,,,,,,,,,,,,,,,,
20200416,Balochistan,303,,,,,,,,,,,,,,5,,,,,,,,,,,,,,,,,,,,,,,,,,,,,,,,,,,,
20200417,Balochistan,335,,,,,,,,,,,,,,5,,,,,,,,,,,,,,,,,,,,,,,,,,,,,,,,,,,,
20200418,Balochistan,376,,,,,,,,,,,,,,5,,,,,,,,,,,,,,,,,,,,,,,,,,,,,,,,,,,,
20200419,Balochistan,432,,,,,,,,,,,,,,5,,,,,,,,,,,,,,,,,,,,,,,,,,,,,,,,,,,,
20200420,Balochistan,465,,,,,,,,,,,,,,6,,,,,,,,,,,,,,,,,,,,,,,,,,,,,,,,,,,,
20200421,Balochistan,495,,,,,,,,,,,,,,6,,,,,,,,,,,,,,,,,,,,,,,,,,,,,,,,,,,,
20200422,Balochistan,552,,,,,,,,,,,,,,8,,,,,,,,,,,,,,,,,,,,,,,,,,,,,,,,,,,,
20200423,Balochistan,607,,,,,,,,,,,,,,8,,,,,,,,,,,,,,,,,,,,,,,,,,,,,,,,,,,,
20200424,Balochistan,656,,,,,,,,,,,,,,10,,,,,,,,,,,,,,,,,,,,,,,,,,,,,,,,,,,,
20200425,Balochistan,722,,,,,,,,,,,,,,11,,,,,,,,,,,,,,,,,,,,,,,,,,,,,,,,,,,,
20200426,Balochistan,781,,,,,,,,,,,,,,13,,,,,,,,,,,,,,,,,,,,,,,,,,,,,,,,,,,,
20200427,Balochistan,853,,,,,,,,,,,,,,14,,,,,,,,,,,,,,,,,,,,,,,,,,,,,,,,,,,,
20200428,Balochistan,915,,,,,,,,,,,,,,14,,,,,,,,,,,,,,,,,,,,,,,,,,,,,,,,,,,,
20200429,Balochistan,978,,,,,,,,,,,,,,14,,,,,,,,,,,,,,,,,,,,,,,,,,,,,,,,,,,,
20200430,Balochistan,1049,,,,,,,,,,,,,,14,,,,,,,,,,,,,,,,,,,,,,,,,,,,,,,,,,,,
20200501,Balochistan,1136,,,,,,,,,,,,,,16,,,,,,,,,,,,,,,,,,,,,,,,,,,,,,,,,,,,
20200502,Balochistan,1172,,,,,,,,,,,,,,19,,,,,,,,,,,,,,,,,,,,,,,,,,,,,,,,,,,,
20200503,Balochistan,1218,,,,,,,,,,,,,,21,,,,,,,,,,,,,,,,,,,,,,,,,,,,,,,,,,,,
20200504,Balochistan,1321,,,,,,,,,,,,,,21,,,,,,,,,,,,,,,,,,,,,,,,,,,,,,,,,,,,
20200505,Balochistan,1495,,,,,,,,,,,,,,21,,,,,,,,,,,,,,,,,,,,,,,,,,,,,,,,,,,,
20200506,Balochistan,1659,,,,,,,,,,,,,,22,,,,,,,,,,,,,,,,,,,,,,,,,,,,,,,,,,,,
20200507,Balochistan,1725,,,,,,,,,,,,,,24,,,,,,,,,,,,,,,,,,,,,,,,,,,,,,,,,,,,
20200508,Balochistan,1876,,,,,,,,,,,,,,24,,,,,,,,,,,,,,,,,,,,,,,,,,,,,,,,,,,,
20200509,Balochistan,1935,,,,,,,,,,,,,,24,,,,,,,,,,,,,,,,,,,,,,,,,,,,,,,,,,,,
20200510,Balochistan,2017,,,,,,,,,,,,,,26,,,,,,,,,,,,,,,,,,,,,,,,,,,,,,,,,,,,
20200511,Balochistan,2061,,,,,,,,,,,,,,27,,,,,,,,,,,,,,,,,,,,,,,,,,,,,,,,,,,,
20200512,Balochistan,2158,,,,,,,,,,,,,,27,,,,,,,,,,,,,,,,,,,,,,,,,,,,,,,,,,,,
20200513,Balochistan,2239,,,,,,,,,,,,,,27,,,,,,,,,,,,,,,,,,,,,,,,,,,,,,,,,,,,
20200514,Balochistan,2310,,,,,,,,,,,,,,30,,,,,,,,,,,,,,,,,,,,,,,,,,,,,,,,,,,,
20200515,Balochistan,2457,,,,,,,,,,,,,,31,,,,,,,,,,,,,,,,,,,,,,,,,,,,,,,,,,,,
20200516,Balochistan,2544,,,,,,,,,,,,,,36,,,,,,,,,,,,,,,,,,,,,,,,,,,,,,,,,,,,
20200517,Balochistan,2692,,,,,,,,,,,,,,36,,,,,,,,,,,,,,,,,,,,,,,,,,,,,,,,,,,,
20200518,Balochistan,2820,,,,,,,,,,,,,,38,,,,,,,,,,,,,,,,,,,,,,,,,,,,,,,,,,,,
20200519,Balochistan,2885,,,,,,,,,,,,,,38,,,,,,,,,,,,,,,,,,,,,,,,,,,,,,,,,,,,
20200520,Balochistan,2968,,,,,,,,,,,,,,38,,,,,,,,,,,,,,,,,,,,,,,,,,,,,,,,,,,,
20200521,Balochistan,3074,,,,,,,,,,,,,,39,,,,,,,,,,,,,,,,,,,,,,,,,,,,,,,,,,,,
20200522,Balochistan,3198,,,,,,,,,,,,,,39,,,,,,,,,,,,,,,,,,,,,,,,,,,,,,,,,,,,
20200523,Balochistan,3306,,,,,,,,,,,,,,39,,,,,,,,,,,,,,,,,,,,,,,,,,,,,,,,,,,,
20200524,Balochistan,3407,,,,,,,,,,,,,,40,,,,,,,,,,,,,,,,,,,,,,,,,,,,,,,,,,,,
20200525,Balochistan,3468,,,,,,,,,,,,,,41,,,,,,,,,,,,,,,,,,,,,,,,,,,,,,,,,,,,
20200526,Balochistan,3536,,,,,,,,,,,,,,41,,,,,,,,,,,,,,,,,,,,,,,,,,,,,,,,,,,,
20200527,Balochistan,3781,,,,,,,,,,,,,,41,,,,,,,,,,,,,,,,,,,,,,,,,,,,,,,,,,,,
20200528,Balochistan,3928,,,,,,,,,,,,,,43,,,,,,,,,,,,,,,,,,,,,,,,,,,,,,,,,,,,
20200529,Balochistan,4087,,,,,,,,,,,,,,46,,,,,,,,,,,,,,,,,,,,,,,,,,,,,,,,,,,,
20200530,Balochistan,4193,,,,,,,,,,,,,,46,,,,,,,,,,,,,,,,,,,,,,,,,,,,,,,,,,,,
20200531,Balochistan,4393,,,,,,,,,,,,,,47,,,,,,,,,,,,,,,,,,,,,,,,,,,,,,,,,,,,
20200601,Balochistan,4448,,,,,,,,,,,,,,49,,,,,,,,,,,,,,,,,,,,,,,,,,,,,,,,,,,,
20200602,Balochistan,4853,,,,,,,,,,,,,,49,,,,,,,,,,,,,,,,,,,,,,,,,,,,,,,,,,,,
20200603,Balochistan,5354,,,,,,,,,,,,,,51,,,,,,,,,,,,,,,,,,,,,,,,,,,,,,,,,,,,
20200604,Balochistan,5582,,,,,,,,,,,,,,53,,,,,,,,,,,,,,,,,,,,,,,,,,,,,,,,,,,,
20200605,Balochistan,5776,,,,,,,,,,,,,,54,,,,,,,,,,,,,,,,,,,,,,,,,,,,,,,,,,,,
20200606,Balochistan,6221,,,,,,,,,,,,,,54,,,,,,,,,,,,,,,,,,,,,,,,,,,,,,,,,,,,
20200607,Balochistan,6516,,,,,,,,,,,,,,54,,,,,,,,,,,,,,,,,,,,,,,,,,,,,,,,,,,,
20200608,Balochistan,6788,,,,,,,,,,,,,,58,,,,,,,,,,,,,,,,,,,,,,,,,,,,,,,,,,,,
20200609,Balochistan,7031,,,,,,,,,,,,,,62,,,,,,,,,,,,,,,,,,,,,,,,,,,,,,,,,,,,
20200610,Balochistan,7335,,,,,,,,,,,,,,73,,,,,,,,,,,,,,,,,,,,,,,,,,,,,,,,,,,,
20200611,Balochistan,7673,,,,,,,,,,,,,,75,,,,,,,,,,,,,,,,,,,,,,,,,,,,,,,,,,,,
20200612,Balochistan,7866,,,,,,,,,,,,,,80,,,,,,,,,,,,,,,,,,,,,,,,,,,,,,,,,,,,
20200613,Balochistan,8028,,,,,,,,,,,,,,83,,,,,,,,,,,,,,,,,,,,,,,,,,,,,,,,,,,,
20200614,Balochistan,8177,,,,,,,,,,,,,,85,,,,,,,,,,,,,,,,,,,,,,,,,,,,,,,,,,,,
20200615,Balochistan,8327,,,,,,,,,,,,,,85,,,,,,,,,,,,,,,,,,,,,,,,,,,,,,,,,,,,
20200616,Balochistan,8437,,,,,,,,,,,,,,89,,,,,,,,,,,,,,,,,,,,,,,,,,,,,,,,,,,,
20200617,Balochistan,8794,,,,,,,,,,,,,,93,,,,,,,,,,,,,,,,,,,,,,,,,,,,,,,,,,,,
20200618,Balochistan,8998,,,,,,,,,,,,,,99,,,,,,,,,,,,,,,,,,,,,,,,,,,,,,,,,,,,
20200619,Balochistan,9162,,,,,,,,,,,,,,100,,,,,,,,,,,,,,,,,,,,,,,,,,,,,,,,,,,,
20200620,Balochistan,9328,,,,,,,,,,,,,,100,,,,,,,,,,,,,,,,,,,,,,,,,,,,,,,,,,,,
20200621,Balochistan,9475,,,,,,,,,,,,,,102,,,,,,,,,,,,,,,,,,,,,,,,,,,,,,,,,,,,
20200622,Balochistan,9587,,,,,,,,,,,,,,104,,,,,,,,,,,,,,,,,,,,,,,,,,,,,,,,,,,,
20200623,Balochistan,9634,,,,,,,,,,,,,,106,,,,,,,,,,,,,,,,,,,,,,,,,,,,,,,,,,,,
20200624,Balochistan,9817,,,,,,,,,,,,,,108,,,,,,,,,,,,,,,,,,,,,,,,,,,,,,,,,,,,
20200625,Balochistan,9946,,,,,,,,,,,,,,109,,,,,,,,,,,,,,,,,,,,,,,,,,,,,,,,,,,,
20200626,Balochistan,10116,,,,,,,,,,,,,,113,,,,,,,,,,,,,,,,,,,,,,,,,,,,,,,,,,,,
20200627,Balochistan,10261,,,,,,,,,,,,,,114,,,,,,,,,,,,,,,,,,,,,,,,,,,,,,,,,,,,
20200628,Balochistan,10355,,,,,,,,,,,,,,116,,,,,,,,,,,,,,,,,,,,,,,,,,,,,,,,,,,,
20200629,Balochistan,10426,,,,,,,,,,,,,,119,,,,,,,,,,,,,,,,,,,,,,,,,,,,,,,,,,,,
20200630,Balochistan,10476,,,,,,,,,,,,,,121,,,,,,,,,,,,,,,,,,,,,,,,,,,,,,,,,,,,
20200701,Balochistan,10608,,,,,,,,,,,,,,121,,,,,,,,,,,,,,,,,,,,,,,,,,,,,,,,,,,,
20200702,Balochistan,10666,,,,,,,,,,,,,,122,,,,,,,,,,,,,,,,,,,,,,,,,,,,,,,,,,,,
20200703,Balochistan,10717,,,,,,,,,,,,,,122,,,,,,,,,,,,,,,,,,,,,,,,,,,,,,,,,,,,
20200704,Balochistan,10766,,,,,,,,,,,,,,123,,,,,,,,,,,,,,,,,,,,,,,,,,,,,,,,,,,,
20200705,Balochistan,10814,,,,,,,,,,,,,,123,,,,,,,,,,,,,,,,,,,,,,,,,,,,,,,,,,,,
20200706,Balochistan,10841,,,,,,,,,,,,,,124,,,,,,,,,,,,,,,,,,,,,,,,,,,,,,,,,,,,
20200707,Balochistan,10919,,,,,,,,,,,,,,124,,,,,,,,,,,,,,,,,,,,,,,,,,,,,,,,,,,,
20200708,Balochistan,11052,,,,,,,,,,,,,,124,,,,,,,,,,,,,,,,,,,,,,,,,,,,,,,,,,,,
20200709,Balochistan,11099,,,,,,,,,,,,,,125,,,,,,,,,,,,,,,,,,,,,,,,,,,,,,,,,,,,
20200710,Balochistan,11128,,,,,,,,,,,,,,126,,,,,,,,,,,,,,,,,,,,,,,,,,,,,,,,,,,,
20200711,Balochistan,11257,,,,,,,,,,,,,,126,,,,,,,,,,,,,,,,,,,,,,,,,,,,,,,,,,,,
20200712,Balochistan,11185,,,,,,,,,,,,,,126,,,,,,,,,,,,,,,,,,,,,,,,,,,,,,,,,,,,
20200713,Balochistan,11192,,,,,,,,,,,,,,126,,,,,,,,,,,,,,,,,,,,,,,,,,,,,,,,,,,,
20200714,Balochistan,11239,,,,,,,,,,,,,,127,,,,,,,,,,,,,,,,,,,,,,,,,,,,,,,,,,,,
20200715,Balochistan,11322,,,,,,,,,,,,,,127,,,,,,,,,,,,,,,,,,,,,,,,,,,,,,,,,,,,
20200716,Balochistan,11385,,,,,,,,,,,,,,128,,,,,,,,,,,,,,,,,,,,,,,,,,,,,,,,,,,,
20200717,Balochistan,11405,,,,,,,,,,,,,,131,,,,,,,,,,,,,,,,,,,,,,,,,,,,,,,,,,,,
20200718,Balochistan,11424,,,,,,,,,,,,,,131,,,,,,,,,,,,,,,,,,,,,,,,,,,,,,,,,,,,
20200719,Balochistan,11436,,,,,,,,,,,,,,132,,,,,,,,,,,,,,,,,,,,,,,,,,,,,,,,,,,,
20200720,Balochistan,11441,,,,,,,,,,,,,,133,,,,,,,,,,,,,,,,,,,,,,,,,,,,,,,,,,,,
20200721,Balochistan,11469,,,,,,,,,,,,,,135,,,,,,,,,,,,,,,,,,,,,,,,,,,,,,,,,,,,
20200722,Balochistan,11517,,,,,,,,,,,,,,136,,,,,,,,,,,,,,,,,,,,,,,,,,,,,,,,,,,,
20200723,Balochistan,11523,,,,,,,,,,,,,,136,,,,,,,,,,,,,,,,,,,,,,,,,,,,,,,,,,,,
20200724,Balochistan,11550,,,,,,,,,,,,,,136,,,,,,,,,,,,,,,,,,,,,,,,,,,,,,,,,,,,
20200725,Balochistan,11578,,,,,,,,,,,,,,136,,,,,,,,,,,,,,,,,,,,,,,,,,,,,,,,,,,,
20200726,Balochistan,11601,,,,,,,,,,,,,,136,,,,,,,,,,,,,,,,,,,,,,,,,,,,,,,,,,,,
20200727,Balochistan,11624,,,,,,,,,,,,,,136,,,,,,,,,,,,,,,,,,,,,,,,,,,,,,,,,,,,
20200728,Balochistan,11654,,,,,,,,,,,,,,136,,,,,,,,,,,,,,,,,,,,,,,,,,,,,,,,,,,,
20200729,Balochistan,11708,,,,,,,,,,,,,,136,,,,,,,,,,,,,,,,,,,,,,,,,,,,,,,,,,,,
20200730,Balochistan,11732,,,,,,,,,,,,,,136,,,,,,,,,,,,,,,,,,,,,,,,,,,,,,,,,,,,
20200731,Balochistan,11743,,,,,,,,,,,,,,136,,,,,,,,,,,,,,,,,,,,,,,,,,,,,,,,,,,,
20200801,Balochistan,11762,,,,,,,,,,,,,,136,,,,,,,,,,,,,,,,,,,,,,,,,,,,,,,,,,,,
20200802,Balochistan,11774,,,,,,,,,,,,,,136,,,,,,,,,,,,,,,,,,,,,,,,,,,,,,,,,,,,
20200803,Balochistan,11777,,,,,,,,,,,,,,136,,,,,,,,,,,,,,,,,,,,,,,,,,,,,,,,,,,,
20200804,Balochistan,11780,,,,,,,,,,,,,,136,,,,,,,,,,,,,,,,,,,,,,,,,,,,,,,,,,,,
20200805,Balochistan,11793,,,,,,,,,,,,,,136,,,,,,,,,,,,,,,,,,,,,,,,,,,,,,,,,,,,
20200806,Balochistan,11821,,,,,,,,,,,,,,137,,,,,,,,,,,,,,,,,,,,,,,,,,,,,,,,,,,,
20200807,Balochistan,11835,,,,,,,,,,,,,,137,,,,,,,,,,,,,,,,,,,,,,,,,,,,,,,,,,,,
20200808,Balochistan,11884,,,,,,,,,,,,,,137,,,,,,,,,,,,,,,,,,,,,,,,,,,,,,,,,,,,
20200809,Balochistan,11906,,,,,,,,,,,,,,138,,,,,,,,,,,,,,,,,,,,,,,,,,,,,,,,,,,,
20200810,Balochistan,11921,,,,,,,,,,,,,,138,,,,,,,,,,,,,,,,,,,,,,,,,,,,,,,,,,,,
20200811,Balochistan,11956,,,,,,,,,,,,,,138,,,,,,,,,,,,,,,,,,,,,,,,,,,,,,,,,,,,
20200812,Balochistan,12044,,,,,,,,,,,,,,138,,,,,,,,,,,,,,,,,,,,,,,,,,,,,,,,,,,,
20200813,Balochistan,12062,,,,,,,,,,,,,,138,,,,,,,,,,,,,,,,,,,,,,,,,,,,,,,,,,,,
20200814,Balochistan,12144,,,,,,,,,,,,,,138,,,,,,,,,,,,,,,,,,,,,,,,,,,,,,,,,,,,
20200815,Balochistan,12234,,,,,,,,,,,,,,138,,,,,,,,,,,,,,,,,,,,,,,,,,,,,,,,,,,,
20200816,Balochistan,12295,,,,,,,,,,,,,,138,,,,,,,,,,,,,,,,,,,,,,,,,,,,,,,,,,,,
20200817,Balochistan,12321,,,,,,,,,,,,,,138,,,,,,,,,,,,,,,,,,,,,,,,,,,,,,,,,,,,
20200818,Balochistan,12370,,,,,,,,,,,,,,139,,,,,,,,,,,,,,,,,,,,,,,,,,,,,,,,,,,,
20200819,Balochistan,12403,,,,,,,,,,,,,,139,,,,,,,,,,,,,,,,,,,,,,,,,,,,,,,,,,,,
20200820,Balochistan,12424,,,,,,,,,,,,,,139,,,,,,,,,,,,,,,,,,,,,,,,,,,,,,,,,,,,
20200821,Balochistan,12473,,,,,,,,,,,,,,141,,,,,,,,,,,,,,,,,,,,,,,,,,,,,,,,,,,,
20200822,Balochistan,12507,,,,,,,,,,,,,,141,,,,,,,,,,,,,,,,,,,,,,,,,,,,,,,,,,,,
20200823,Balochistan,12527,,,,,,,,,,,,,,141,,,,,,,,,,,,,,,,,,,,,,,,,,,,,,,,,,,,
20200226,GB,0,,,,,,,,,,,,,,0,,,,,,,,,,,,,,,,,,,,,,,,,,,,,,,,,,,,
20200227,GB,0,,,,,,,,,,,,,,0,,,,,,,,,,,,,,,,,,,,,,,,,,,,,,,,,,,,
20200228,GB,0,,,,,,,,,,,,,,0,,,,,,,,,,,,,,,,,,,,,,,,,,,,,,,,,,,,
20200301,GB,0,,,,,,,,,,,,,,0,,,,,,,,,,,,,,,,,,,,,,,,,,,,,,,,,,,,
20200302,GB,0,,,,,,,,,,,,,,0,,,,,,,,,,,,,,,,,,,,,,,,,,,,,,,,,,,,
20200303,GB,0,,,,,,,,,,,,,,0,,,,,,,,,,,,,,,,,,,,,,,,,,,,,,,,,,,,
20200304,GB,0,,,,,,,,,,,,,,0,,,,,,,,,,,,,,,,,,,,,,,,,,,,,,,,,,,,
20200305,GB,0,,,,,,,,,,,,,,0,,,,,,,,,,,,,,,,,,,,,,,,,,,,,,,,,,,,
20200306,GB,0,,,,,,,,,,,,,,0,,,,,,,,,,,,,,,,,,,,,,,,,,,,,,,,,,,,
20200307,GB,0,,,,,,,,,,,,,,0,,,,,,,,,,,,,,,,,,,,,,,,,,,,,,,,,,,,
20200308,GB,0,,,,,,,,,,,,,,0,,,,,,,,,,,,,,,,,,,,,,,,,,,,,,,,,,,,
20200309,GB,0,,,,,,,,,,,,,,0,,,,,,,,,,,,,,,,,,,,,,,,,,,,,,,,,,,,
20200310,GB,2,,,,,,,,,,,,,,0,,,,,,,,,,,,,,,,,,,,,,,,,,,,,,,,,,,,
20200311,GB,3,,,,,,,,,,,,,,0,,,,,,,,,,,,,,,,,,,,,,,,,,,,,,,,,,,,
20200312,GB,3,,,,,,,,,,,,,,0,,,,,,,,,,,,,,,,,,,,,,,,,,,,,,,,,,,,
20200313,GB,3,,,,,,,,,,,,,,0,,,,,,,,,,,,,,,,,,,,,,,,,,,,,,,,,,,,
20200314,GB,3,,,,,,,,,,,,,,0,,,,,,,,,,,,,,,,,,,,,,,,,,,,,,,,,,,,
20200315,GB,3,,,,,,,,,,,,,,0,,,,,,,,,,,,,,,,,,,,,,,,,,,,,,,,,,,,
20200316,GB,3,,,,,,,,,,,,,,0,,,,,,,,,,,,,,,,,,,,,,,,,,,,,,,,,,,,
20200317,GB,3,,,,,,,,,,,,,,0,,,,,,,,,,,,,,,,,,,,,,,,,,,,,,,,,,,,
20200318,GB,13,,,,,,,,,,,,,,0,,,,,,,,,,,,,,,,,,,,,,,,,,,,,,,,,,,,
20200319,GB,21,,,,,,,,,,,,,,0,,,,,,,,,,,,,,,,,,,,,,,,,,,,,,,,,,,,
20200320,GB,30,,,,,,,,,,,,,,0,,,,,,,,,,,,,,,,,,,,,,,,,,,,,,,,,,,,
20200321,GB,55,,,,,,,,,,,,,,0,,,,,,,,,,,,,,,,,,,,,,,,,,,,,,,,,,,,
20200322,GB,71,,,,,,,,,,,,,,1,,,,,,,,,,,,,,,,,,,,,,,,,,,,,,,,,,,,
20200323,GB,80,,,,,,,,,,,,,,1,,,,,,,,,,,,,,,,,,,,,,,,,,,,,,,,,,,,
20200324,GB,81,,,,,,,,,,,,,,1,,,,,,,,,,,,,,,,,,,,,,,,,,,,,,,,,,,,
20200325,GB,84,,,,,,,,,,,,,,1,,,,,,,,,,,,,,,,,,,,,,,,,,,,,,,,,,,,
20200326,GB,91,,,,,,,,,,,,,,1,,,,,,,,,,,,,,,,,,,,,,,,,,,,,,,,,,,,
20200327,GB,107,,,,,,,,,,,,,,1,,,,,,,,,,,,,,,,,,,,,,,,,,,,,,,,,,,,
20200328,GB,116,,,,,,,,,,,,,,1,,,,,,,,,,,,,,,,,,,,,,,,,,,,,,,,,,,,
20200329,GB,128,,,,,,,,,,,,,,1,,,,,,,,,,,,,,,,,,,,,,,,,,,,,,,,,,,,
20200330,GB,148,,,,,,,,,,,,,,2,,,,,,,,,,,,,,,,,,,,,,,,,,,,,,,,,,,,
20200331,GB,184,,,,,,,,,,,,,,2,,,,,,,,,,,,,,,,,,,,,,,,,,,,,,,,,,,,
20200401,GB,187,,,,,,,,,,,,,,2,,,,,,,,,,,,,,,,,,,,,,,,,,,,,,,,,,,,
20200402,GB,190,,,,,,,,,,,,,,3,,,,,,,,,,,,,,,,,,,,,,,,,,,,,,,,,,,,
20200403,GB,193,,,,,,,,,,,,,,3,,,,,,,,,,,,,,,,,,,,,,,,,,,,,,,,,,,,
20200404,GB,206,,,,,,,,,,,,,,3,,,,,,,,,,,,,,,,,,,,,,,,,,,,,,,,,,,,
20200405,GB,210,,,,,,,,,,,,,,3,,,,,,,,,,,,,,,,,,,,,,,,,,,,,,,,,,,,
20200406,GB,211,,,,,,,,,,,,,,3,,,,,,,,,,,,,,,,,,,,,,,,,,,,,,,,,,,,
20200407,GB,212,,,,,,,,,,,,,,3,,,,,,,,,,,,,,,,,,,,,,,,,,,,,,,,,,,,
20200408,GB,213,,,,,,,,,,,,,,3,,,,,,,,,,,,,,,,,,,,,,,,,,,,,,,,,,,,
20200409,GB,215,,,,,,,,,,,,,,3,,,,,,,,,,,,,,,,,,,,,,,,,,,,,,,,,,,,
20200410,GB,215,,,,,,,,,,,,,,3,,,,,,,,,,,,,,,,,,,,,,,,,,,,,,,,,,,,
20200411,GB,216,,,,,,,,,,,,,,3,,,,,,,,,,,,,,,,,,,,,,,,,,,,,,,,,,,,
20200412,GB,224,,,,,,,,,,,,,,3,,,,,,,,,,,,,,,,,,,,,,,,,,,,,,,,,,,,
20200413,GB,233,,,,,,,,,,,,,,3,,,,,,,,,,,,,,,,,,,,,,,,,,,,,,,,,,,,
20200414,GB,234,,,,,,,,,,,,,,3,,,,,,,,,,,,,,,,,,,,,,,,,,,,,,,,,,,,
20200415,GB,237,,,,,,,,,,,,,,3,,,,,,,,,,,,,,,,,,,,,,,,,,,,,,,,,,,,
20200416,GB,245,,,,,,,,,,,,,,3,,,,,,,,,,,,,,,,,,,,,,,,,,,,,,,,,,,,
20200417,GB,250,,,,,,,,,,,,,,3,,,,,,,,,,,,,,,,,,,,,,,,,,,,,,,,,,,,
20200418,GB,257,,,,,,,,,,,,,,3,,,,,,,,,,,,,,,,,,,,,,,,,,,,,,,,,,,,
20200419,GB,263,,,,,,,,,,,,,,3,,,,,,,,,,,,,,,,,,,,,,,,,,,,,,,,,,,,
20200420,GB,281,,,,,,,,,,,,,,3,,,,,,,,,,,,,,,,,,,,,,,,,,,,,,,,,,,,
20200421,GB,283,,,,,,,,,,,,,,3,,,,,,,,,,,,,,,,,,,,,,,,,,,,,,,,,,,,
20200422,GB,290,,,,,,,,,,,,,,3,,,,,,,,,,,,,,,,,,,,,,,,,,,,,,,,,,,,
20200423,GB,300,,,,,,,,,,,,,,3,,,,,,,,,,,,,,,,,,,,,,,,,,,,,,,,,,,,
20200424,GB,307,,,,,,,,,,,,,,3,,,,,,,,,,,,,,,,,,,,,,,,,,,,,,,,,,,,
20200425,GB,308,,,,,,,,,,,,,,3,,,,,,,,,,,,,,,,,,,,,,,,,,,,,,,,,,,,
20200426,GB,318,,,,,,,,,,,,,,3,,,,,,,,,,,,,,,,,,,,,,,,,,,,,,,,,,,,
20200427,GB,320,,,,,,,,,,,,,,3,,,,,,,,,,,,,,,,,,,,,,,,,,,,,,,,,,,,
20200428,GB,330,,,,,,,,,,,,,,3,,,,,,,,,,,,,,,,,,,,,,,,,,,,,,,,,,,,
20200429,GB,333,,,,,,,,,,,,,,3,,,,,,,,,,,,,,,,,,,,,,,,,,,,,,,,,,,,
20200430,GB,339,,,,,,,,,,,,,,3,,,,,,,,,,,,,,,,,,,,,,,,,,,,,,,,,,,,
20200501,GB,340,,,,,,,,,,,,,,3,,,,,,,,,,,,,,,,,,,,,,,,,,,,,,,,,,,,
20200502,GB,356,,,,,,,,,,,,,,3,,,,,,,,,,,,,,,,,,,,,,,,,,,,,,,,,,,,
20200503,GB,364,,,,,,,,,,,,,,3,,,,,,,,,,,,,,,,,,,,,,,,,,,,,,,,,,,,
20200504,GB,372,,,,,,,,,,,,,,3,,,,,,,,,,,,,,,,,,,,,,,,,,,,,,,,,,,,
20200505,GB,372,,,,,,,,,,,,,,3,,,,,,,,,,,,,,,,,,,,,,,,,,,,,,,,,,,,
20200506,GB,388,,,,,,,,,,,,,,3,,,,,,,,,,,,,,,,,,,,,,,,,,,,,,,,,,,,
20200507,GB,394,,,,,,,,,,,,,,3,,,,,,,,,,,,,,,,,,,,,,,,,,,,,,,,,,,,
20200508,GB,421,,,,,,,,,,,,,,3,,,,,,,,,,,,,,,,,,,,,,,,,,,,,,,,,,,,
20200509,GB,430,,,,,,,,,,,,,,4,,,,,,,,,,,,,,,,,,,,,,,,,,,,,,,,,,,,
20200510,GB,442,,,,,,,,,,,,,,4,,,,,,,,,,,,,,,,,,,,,,,,,,,,,,,,,,,,
20200511,GB,457,,,,,,,,,,,,,,4,,,,,,,,,,,,,,,,,,,,,,,,,,,,,,,,,,,,
20200512,GB,475,,,,,,,,,,,,,,4,,,,,,,,,,,,,,,,,,,,,,,,,,,,,,,,,,,,
20200513,GB,482,,,,,,,,,,,,,,4,,,,,,,,,,,,,,,,,,,,,,,,,,,,,,,,,,,,
20200514,GB,501,,,,,,,,,,,,,,4,,,,,,,,,,,,,,,,,,,,,,,,,,,,,,,,,,,,
20200515,GB,518,,,,,,,,,,,,,,4,,,,,,,,,,,,,,,,,,,,,,,,,,,,,,,,,,,,
20200516,GB,527,,,,,,,,,,,,,,4,,,,,,,,,,,,,,,,,,,,,,,,,,,,,,,,,,,,
20200517,GB,540,,,,,,,,,,,,,,4,,,,,,,,,,,,,,,,,,,,,,,,,,,,,,,,,,,,
20200518,GB,550,,,,,,,,,,,,,,4,,,,,,,,,,,,,,,,,,,,,,,,,,,,,,,,,,,,
20200519,GB,556,,,,,,,,,,,,,,4,,,,,,,,,,,,,,,,,,,,,,,,,,,,,,,,,,,,
20200520,GB,579,,,,,,,,,,,,,,4,,,,,,,,,,,,,,,,,,,,,,,,,,,,,,,,,,,,
20200521,GB,602,,,,,,,,,,,,,,4,,,,,,,,,,,,,,,,,,,,,,,,,,,,,,,,,,,,
20200522,GB,607,,,,,,,,,,,,,,4,,,,,,,,,,,,,,,,,,,,,,,,,,,,,,,,,,,,
20200523,GB,619,,,,,,,,,,,,,,4,,,,,,,,,,,,,,,,,,,,,,,,,,,,,,,,,,,,
20200524,GB,619,,,,,,,,,,,,,,7,,,,,,,,,,,,,,,,,,,,,,,,,,,,,,,,,,,,
20200525,GB,630,,,,,,,,,,,,,,8,,,,,,,,,,,,,,,,,,,,,,,,,,,,,,,,,,,,
20200526,GB,638,,,,,,,,,,,,,,9,,,,,,,,,,,,,,,,,,,,,,,,,,,,,,,,,,,,
20200527,GB,651,,,,,,,,,,,,,,9,,,,,,,,,,,,,,,,,,,,,,,,,,,,,,,,,,,,
20200528,GB,658,,,,,,,,,,,,,,9,,,,,,,,,,,,,,,,,,,,,,,,,,,,,,,,,,,,
20200529,GB,660,,,,,,,,,,,,,,9,,,,,,,,,,,,,,,,,,,,,,,,,,,,,,,,,,,,
20200530,GB,678,,,,,,,,,,,,,,11,,,,,,,,,,,,,,,,,,,,,,,,,,,,,,,,,,,,
20200531,GB,711,,,,,,,,,,,,,,11,,,,,,,,,,,,,,,,,,,,,,,,,,,,,,,,,,,,
20200601,GB,738,,,,,,,,,,,,,,11,,,,,,,,,,,,,,,,,,,,,,,,,,,,,,,,,,,,
20200602,GB,779,,,,,,,,,,,,,,12,,,,,,,,,,,,,,,,,,,,,,,,,,,,,,,,,,,,
20200603,GB,824,,,,,,,,,,,,,,12,,,,,,,,,,,,,,,,,,,,,,,,,,,,,,,,,,,,
20200604,GB,852,,,,,,,,,,,,,,12,,,,,,,,,,,,,,,,,,,,,,,,,,,,,,,,,,,,
20200605,GB,897,,,,,,,,,,,,,,13,,,,,,,,,,,,,,,,,,,,,,,,,,,,,,,,,,,,
20200606,GB,927,,,,,,,,,,,,,,13,,,,,,,,,,,,,,,,,,,,,,,,,,,,,,,,,,,,
20200607,GB,932,,,,,,,,,,,,,,13,,,,,,,,,,,,,,,,,,,,,,,,,,,,,,,,,,,,
20200608,GB,952,,,,,,,,,,,,,,14,,,,,,,,,,,,,,,,,,,,,,,,,,,,,,,,,,,,
20200609,GB,974,,,,,,,,,,,,,,14,,,,,,,,,,,,,,,,,,,,,,,,,,,,,,,,,,,,
20200610,GB,1018,,,,,,,,,,,,,,14,,,,,,,,,,,,,,,,,,,,,,,,,,,,,,,,,,,,
20200611,GB,1030,,,,,,,,,,,,,,15,,,,,,,,,,,,,,,,,,,,,,,,,,,,,,,,,,,,
20200612,GB,1044,,,,,,,,,,,,,,16,,,,,,,,,,,,,,,,,,,,,,,,,,,,,,,,,,,,
20200613,GB,1095,,,,,,,,,,,,,,16,,,,,,,,,,,,,,,,,,,,,,,,,,,,,,,,,,,,
20200614,GB,1129,,,,,,,,,,,,,,16,,,,,,,,,,,,,,,,,,,,,,,,,,,,,,,,,,,,
20200615,GB,1143,,,,,,,,,,,,,,17,,,,,,,,,,,,,,,,,,,,,,,,,,,,,,,,,,,,
20200616,GB,1164,,,,,,,,,,,,,,17,,,,,,,,,,,,,,,,,,,,,,,,,,,,,,,,,,,,
20200617,GB,1213,,,,,,,,,,,,,,18,,,,,,,,,,,,,,,,,,,,,,,,,,,,,,,,,,,,
20200618,GB,1225,,,,,,,,,,,,,,18,,,,,,,,,,,,,,,,,,,,,,,,,,,,,,,,,,,,
20200619,GB,1253,,,,,,,,,,,,,,21,,,,,,,,,,,,,,,,,,,,,,,,,,,,,,,,,,,,
20200620,GB,1278,,,,,,,,,,,,,,21,,,,,,,,,,,,,,,,,,,,,,,,,,,,,,,,,,,,
20200621,GB,1288,,,,,,,,,,,,,,22,,,,,,,,,,,,,,,,,,,,,,,,,,,,,,,,,,,,
20200622,GB,1326,,,,,,,,,,,,,,22,,,,,,,,,,,,,,,,,,,,,,,,,,,,,,,,,,,,
20200623,GB,1337,,,,,,,,,,,,,,23,,,,,,,,,,,,,,,,,,,,,,,,,,,,,,,,,,,,
20200624,GB,1365,,,,,,,,,,,,,,23,,,,,,,,,,,,,,,,,,,,,,,,,,,,,,,,,,,,
20200625,GB,1398,,,,,,,,,,,,,,23,,,,,,,,,,,,,,,,,,,,,,,,,,,,,,,,,,,,
20200626,GB,1417,,,,,,,,,,,,,,23,,,,,,,,,,,,,,,,,,,,,,,,,,,,,,,,,,,,
20200627,GB,1423,,,,,,,,,,,,,,24,,,,,,,,,,,,,,,,,,,,,,,,,,,,,,,,,,,,
20200628,GB,1442,,,,,,,,,,,,,,24,,,,,,,,,,,,,,,,,,,,,,,,,,,,,,,,,,,,
20200629,GB,1470,,,,,,,,,,,,,,24,,,,,,,,,,,,,,,,,,,,,,,,,,,,,,,,,,,,
20200630,GB,1489,,,,,,,,,,,,,,26,,,,,,,,,,,,,,,,,,,,,,,,,,,,,,,,,,,,
20200701,GB,1511,,,,,,,,,,,,,,28,,,,,,,,,,,,,,,,,,,,,,,,,,,,,,,,,,,,
20200702,GB,1524,,,,,,,,,,,,,,28,,,,,,,,,,,,,,,,,,,,,,,,,,,,,,,,,,,,
20200703,GB,1536,,,,,,,,,,,,,,28,,,,,,,,,,,,,,,,,,,,,,,,,,,,,,,,,,,,
20200704,GB,1545,,,,,,,,,,,,,,28,,,,,,,,,,,,,,,,,,,,,,,,,,,,,,,,,,,,
20200705,GB,1561,,,,,,,,,,,,,,28,,,,,,,,,,,,,,,,,,,,,,,,,,,,,,,,,,,,
20200706,GB,1587,,,,,,,,,,,,,,30,,,,,,,,,,,,,,,,,,,,,,,,,,,,,,,,,,,,
20200707,GB,1595,,,,,,,,,,,,,,30,,,,,,,,,,,,,,,,,,,,,,,,,,,,,,,,,,,,
20200708,GB,1605,,,,,,,,,,,,,,31,,,,,,,,,,,,,,,,,,,,,,,,,,,,,,,,,,,,
20200709,GB,1619,,,,,,,,,,,,,,34,,,,,,,,,,,,,,,,,,,,,,,,,,,,,,,,,,,,
20200710,GB,1630,,,,,,,,,,,,,,36,,,,,,,,,,,,,,,,,,,,,,,,,,,,,,,,,,,,
20200711,GB,1658,,,,,,,,,,,,,,36,,,,,,,,,,,,,,,,,,,,,,,,,,,,,,,,,,,,
20200712,GB,1671,,,,,,,,,,,,,,36,,,,,,,,,,,,,,,,,,,,,,,,,,,,,,,,,,,,
20200713,GB,1694,,,,,,,,,,,,,,36,,,,,,,,,,,,,,,,,,,,,,,,,,,,,,,,,,,,
20200714,GB,1708,,,,,,,,,,,,,,38,,,,,,,,,,,,,,,,,,,,,,,,,,,,,,,,,,,,
20200715,GB,1750,,,,,,,,,,,,,,38,,,,,,,,,,,,,,,,,,,,,,,,,,,,,,,,,,,,
20200716,GB,1775,,,,,,,,,,,,,,39,,,,,,,,,,,,,,,,,,,,,,,,,,,,,,,,,,,,
20200717,GB,1796,,,,,,,,,,,,,,39,,,,,,,,,,,,,,,,,,,,,,,,,,,,,,,,,,,,
20200718,GB,1807,,,,,,,,,,,,,,41,,,,,,,,,,,,,,,,,,,,,,,,,,,,,,,,,,,,
20200719,GB,1849,,,,,,,,,,,,,,43,,,,,,,,,,,,,,,,,,,,,,,,,,,,,,,,,,,,
20200720,GB,1868,,,,,,,,,,,,,,43,,,,,,,,,,,,,,,,,,,,,,,,,,,,,,,,,,,,
20200721,GB,1878,,,,,,,,,,,,,,45,,,,,,,,,,,,,,,,,,,,,,,,,,,,,,,,,,,,
20200722,GB,1896,,,,,,,,,,,,,,45,,,,,,,,,,,,,,,,,,,,,,,,,,,,,,,,,,,,
20200723,GB,1918,,,,,,,,,,,,,,46,,,,,,,,,,,,,,,,,,,,,,,,,,,,,,,,,,,,
20200724,GB,1942,,,,,,,,,,,,,,47,,,,,,,,,,,,,,,,,,,,,,,,,,,,,,,,,,,,
20200725,GB,1952,,,,,,,,,,,,,,47,,,,,,,,,,,,,,,,,,,,,,,,,,,,,,,,,,,,
20200726,GB,1989,,,,,,,,,,,,,,48,,,,,,,,,,,,,,,,,,,,,,,,,,,,,,,,,,,,
20200727,GB,2010,,,,,,,,,,,,,,48,,,,,,,,,,,,,,,,,,,,,,,,,,,,,,,,,,,,
20200728,GB,2042,,,,,,,,,,,,,,50,,,,,,,,,,,,,,,,,,,,,,,,,,,,,,,,,,,,
20200729,GB,2090,,,,,,,,,,,,,,53,,,,,,,,,,,,,,,,,,,,,,,,,,,,,,,,,,,,
20200730,GB,2105,,,,,,,,,,,,,,53,,,,,,,,,,,,,,,,,,,,,,,,,,,,,,,,,,,,
20200731,GB,2134,,,,,,,,,,,,,,54,,,,,,,,,,,,,,,,,,,,,,,,,,,,,,,,,,,,
20200801,GB,2157,,,,,,,,,,,,,,54,,,,,,,,,,,,,,,,,,,,,,,,,,,,,,,,,,,,
20200802,GB,2180,,,,,,,,,,,,,,55,,,,,,,,,,,,,,,,,,,,,,,,,,,,,,,,,,,,
20200803,GB,2198,,,,,,,,,,,,,,55,,,,,,,,,,,,,,,,,,,,,,,,,,,,,,,,,,,,
20200804,GB,2218,,,,,,,,,,,,,,55,,,,,,,,,,,,,,,,,,,,,,,,,,,,,,,,,,,,
20200805,GB,2234,,,,,,,,,,,,,,55,,,,,,,,,,,,,,,,,,,,,,,,,,,,,,,,,,,,
20200806,GB,2287,,,,,,,,,,,,,,55,,,,,,,,,,,,,,,,,,,,,,,,,,,,,,,,,,,,
20200807,GB,2301,,,,,,,,,,,,,,55,,,,,,,,,,,,,,,,,,,,,,,,,,,,,,,,,,,,
20200808,GB,2321,,,,,,,,,,,,,,55,,,,,,,,,,,,,,,,,,,,,,,,,,,,,,,,,,,,
20200809,GB,2334,,,,,,,,,,,,,,57,,,,,,,,,,,,,,,,,,,,,,,,,,,,,,,,,,,,
20200810,GB,2371,,,,,,,,,,,,,,57,,,,,,,,,,,,,,,,,,,,,,,,,,,,,,,,,,,,
20200811,GB,2382,,,,,,,,,,,,,,58,,,,,,,,,,,,,,,,,,,,,,,,,,,,,,,,,,,,
20200812,GB,2402,,,,,,,,,,,,,,58,,,,,,,,,,,,,,,,,,,,,,,,,,,,,,,,,,,,
20200813,GB,2426,,,,,,,,,,,,,,60,,,,,,,,,,,,,,,,,,,,,,,,,,,,,,,,,,,,
20200814,GB,2452,,,,,,,,,,,,,,60,,,,,,,,,,,,,,,,,,,,,,,,,,,,,,,,,,,,
20200815,GB,2486,,,,,,,,,,,,,,60,,,,,,,,,,,,,,,,,,,,,,,,,,,,,,,,,,,,
20200816,GB,2502,,,,,,,,,,,,,,61,,,,,,,,,,,,,,,,,,,,,,,,,,,,,,,,,,,,
20200817,GB,2358,,,,,,,,,,,,,,61,,,,,,,,,,,,,,,,,,,,,,,,,,,,,,,,,,,,
20200818,GB,2565,,,,,,,,,,,,,,62,,,,,,,,,,,,,,,,,,,,,,,,,,,,,,,,,,,,
20200819,GB,2583,,,,,,,,,,,,,,63,,,,,,,,,,,,,,,,,,,,,,,,,,,,,,,,,,,,
20200820,GB,2604,,,,,,,,,,,,,,63,,,,,,,,,,,,,,,,,,,,,,,,,,,,,,,,,,,,
20200821,GB,2638,,,,,,,,,,,,,,63,,,,,,,,,,,,,,,,,,,,,,,,,,,,,,,,,,,,
20200822,GB,2657,,,,,,,,,,,,,,64,,,,,,,,,,,,,,,,,,,,,,,,,,,,,,,,,,,,
20200823,GB,2682,,,,,,,,,,,,,,64,,,,,,,,,,,,,,,,,,,,,,,,,,,,,,,,,,,,
20200226,AJK,0,,,,,,,,,,,,,,0,,,,,,,,,,,,,,,,,,,,,,,,,,,,,,,,,,,,
20200227,AJK,0,,,,,,,,,,,,,,0,,,,,,,,,,,,,,,,,,,,,,,,,,,,,,,,,,,,
20200228,AJK,0,,,,,,,,,,,,,,0,,,,,,,,,,,,,,,,,,,,,,,,,,,,,,,,,,,,
20200301,AJK,0,,,,,,,,,,,,,,0,,,,,,,,,,,,,,,,,,,,,,,,,,,,,,,,,,,,
20200302,AJK,0,,,,,,,,,,,,,,0,,,,,,,,,,,,,,,,,,,,,,,,,,,,,,,,,,,,
20200303,AJK,0,,,,,,,,,,,,,,0,,,,,,,,,,,,,,,,,,,,,,,,,,,,,,,,,,,,
20200304,AJK,0,,,,,,,,,,,,,,0,,,,,,,,,,,,,,,,,,,,,,,,,,,,,,,,,,,,
20200305,AJK,0,,,,,,,,,,,,,,0,,,,,,,,,,,,,,,,,,,,,,,,,,,,,,,,,,,,
20200306,AJK,0,,,,,,,,,,,,,,0,,,,,,,,,,,,,,,,,,,,,,,,,,,,,,,,,,,,
20200307,AJK,0,,,,,,,,,,,,,,0,,,,,,,,,,,,,,,,,,,,,,,,,,,,,,,,,,,,
20200308,AJK,0,,,,,,,,,,,,,,0,,,,,,,,,,,,,,,,,,,,,,,,,,,,,,,,,,,,
20200309,AJK,0,,,,,,,,,,,,,,0,,,,,,,,,,,,,,,,,,,,,,,,,,,,,,,,,,,,
20200310,AJK,0,,,,,,,,,,,,,,0,,,,,,,,,,,,,,,,,,,,,,,,,,,,,,,,,,,,
20200311,AJK,0,,,,,,,,,,,,,,0,,,,,,,,,,,,,,,,,,,,,,,,,,,,,,,,,,,,
20200312,AJK,0,,,,,,,,,,,,,,0,,,,,,,,,,,,,,,,,,,,,,,,,,,,,,,,,,,,
20200313,AJK,0,,,,,,,,,,,,,,0,,,,,,,,,,,,,,,,,,,,,,,,,,,,,,,,,,,,
20200314,AJK,0,,,,,,,,,,,,,,0,,,,,,,,,,,,,,,,,,,,,,,,,,,,,,,,,,,,
20200315,AJK,0,,,,,,,,,,,,,,0,,,,,,,,,,,,,,,,,,,,,,,,,,,,,,,,,,,,
20200316,AJK,0,,,,,,,,,,,,,,0,,,,,,,,,,,,,,,,,,,,,,,,,,,,,,,,,,,,
20200317,AJK,0,,,,,,,,,,,,,,0,,,,,,,,,,,,,,,,,,,,,,,,,,,,,,,,,,,,
20200318,AJK,1,,,,,,,,,,,,,,0,,,,,,,,,,,,,,,,,,,,,,,,,,,,,,,,,,,,
20200319,AJK,1,,,,,,,,,,,,,,0,,,,,,,,,,,,,,,,,,,,,,,,,,,,,,,,,,,,
20200320,AJK,1,,,,,,,,,,,,,,0,,,,,,,,,,,,,,,,,,,,,,,,,,,,,,,,,,,,
20200321,AJK,1,,,,,,,,,,,,,,0,,,,,,,,,,,,,,,,,,,,,,,,,,,,,,,,,,,,
20200322,AJK,1,,,,,,,,,,,,,,0,,,,,,,,,,,,,,,,,,,,,,,,,,,,,,,,,,,,
20200323,AJK,1,,,,,,,,,,,,,,0,,,,,,,,,,,,,,,,,,,,,,,,,,,,,,,,,,,,
20200324,AJK,1,,,,,,,,,,,,,,0,,,,,,,,,,,,,,,,,,,,,,,,,,,,,,,,,,,,
20200325,AJK,1,,,,,,,,,,,,,,0,,,,,,,,,,,,,,,,,,,,,,,,,,,,,,,,,,,,
20200326,AJK,2,,,,,,,,,,,,,,0,,,,,,,,,,,,,,,,,,,,,,,,,,,,,,,,,,,,
20200327,AJK,2,,,,,,,,,,,,,,0,,,,,,,,,,,,,,,,,,,,,,,,,,,,,,,,,,,,
20200328,AJK,2,,,,,,,,,,,,,,0,,,,,,,,,,,,,,,,,,,,,,,,,,,,,,,,,,,,
20200329,AJK,6,,,,,,,,,,,,,,0,,,,,,,,,,,,,,,,,,,,,,,,,,,,,,,,,,,,
20200330,AJK,6,,,,,,,,,,,,,,0,,,,,,,,,,,,,,,,,,,,,,,,,,,,,,,,,,,,
20200331,AJK,6,,,,,,,,,,,,,,0,,,,,,,,,,,,,,,,,,,,,,,,,,,,,,,,,,,,
20200401,AJK,9,,,,,,,,,,,,,,0,,,,,,,,,,,,,,,,,,,,,,,,,,,,,,,,,,,,
20200402,AJK,9,,,,,,,,,,,,,,0,,,,,,,,,,,,,,,,,,,,,,,,,,,,,,,,,,,,
20200403,AJK,11,,,,,,,,,,,,,,0,,,,,,,,,,,,,,,,,,,,,,,,,,,,,,,,,,,,
20200404,AJK,12,,,,,,,,,,,,,,0,,,,,,,,,,,,,,,,,,,,,,,,,,,,,,,,,,,,
20200405,AJK,15,,,,,,,,,,,,,,0,,,,,,,,,,,,,,,,,,,,,,,,,,,,,,,,,,,,
20200406,AJK,18,,,,,,,,,,,,,,0,,,,,,,,,,,,,,,,,,,,,,,,,,,,,,,,,,,,
20200407,AJK,19,,,,,,,,,,,,,,0,,,,,,,,,,,,,,,,,,,,,,,,,,,,,,,,,,,,
20200408,AJK,28,,,,,,,,,,,,,,0,,,,,,,,,,,,,,,,,,,,,,,,,,,,,,,,,,,,
20200409,AJK,33,,,,,,,,,,,,,,0,,,,,,,,,,,,,,,,,,,,,,,,,,,,,,,,,,,,
20200410,AJK,34,,,,,,,,,,,,,,0,,,,,,,,,,,,,,,,,,,,,,,,,,,,,,,,,,,,
20200411,AJK,35,,,,,,,,,,,,,,0,,,,,,,,,,,,,,,,,,,,,,,,,,,,,,,,,,,,
20200412,AJK,40,,,,,,,,,,,,,,0,,,,,,,,,,,,,,,,,,,,,,,,,,,,,,,,,,,,
20200413,AJK,43,,,,,,,,,,,,,,0,,,,,,,,,,,,,,,,,,,,,,,,,,,,,,,,,,,,
20200414,AJK,46,,,,,,,,,,,,,,0,,,,,,,,,,,,,,,,,,,,,,,,,,,,,,,,,,,,
20200415,AJK,46,,,,,,,,,,,,,,0,,,,,,,,,,,,,,,,,,,,,,,,,,,,,,,,,,,,
20200416,AJK,46,,,,,,,,,,,,,,0,,,,,,,,,,,,,,,,,,,,,,,,,,,,,,,,,,,,
20200417,AJK,48,,,,,,,,,,,,,,0,,,,,,,,,,,,,,,,,,,,,,,,,,,,,,,,,,,,
20200418,AJK,48,,,,,,,,,,,,,,0,,,,,,,,,,,,,,,,,,,,,,,,,,,,,,,,,,,,
20200419,AJK,49,,,,,,,,,,,,,,0,,,,,,,,,,,,,,,,,,,,,,,,,,,,,,,,,,,,
20200420,AJK,50,,,,,,,,,,,,,,0,,,,,,,,,,,,,,,,,,,,,,,,,,,,,,,,,,,,
20200421,AJK,51,,,,,,,,,,,,,,0,,,,,,,,,,,,,,,,,,,,,,,,,,,,,,,,,,,,
20200422,AJK,51,,,,,,,,,,,,,,0,,,,,,,,,,,,,,,,,,,,,,,,,,,,,,,,,,,,
20200423,AJK,55,,,,,,,,,,,,,,0,,,,,,,,,,,,,,,,,,,,,,,,,,,,,,,,,,,,
20200424,AJK,55,,,,,,,,,,,,,,0,,,,,,,,,,,,,,,,,,,,,,,,,,,,,,,,,,,,
20200425,AJK,55,,,,,,,,,,,,,,0,,,,,,,,,,,,,,,,,,,,,,,,,,,,,,,,,,,,
20200426,AJK,59,,,,,,,,,,,,,,0,,,,,,,,,,,,,,,,,,,,,,,,,,,,,,,,,,,,
20200427,AJK,65,,,,,,,,,,,,,,0,,,,,,,,,,,,,,,,,,,,,,,,,,,,,,,,,,,,
20200428,AJK,65,,,,,,,,,,,,,,0,,,,,,,,,,,,,,,,,,,,,,,,,,,,,,,,,,,,
20200429,AJK,66,,,,,,,,,,,,,,0,,,,,,,,,,,,,,,,,,,,,,,,,,,,,,,,,,,,
20200430,AJK,66,,,,,,,,,,,,,,0,,,,,,,,,,,,,,,,,,,,,,,,,,,,,,,,,,,,
20200501,AJK,66,,,,,,,,,,,,,,0,,,,,,,,,,,,,,,,,,,,,,,,,,,,,,,,,,,,
20200502,AJK,67,,,,,,,,,,,,,,0,,,,,,,,,,,,,,,,,,,,,,,,,,,,,,,,,,,,
20200503,AJK,71,,,,,,,,,,,,,,0,,,,,,,,,,,,,,,,,,,,,,,,,,,,,,,,,,,,
20200504,AJK,71,,,,,,,,,,,,,,0,,,,,,,,,,,,,,,,,,,,,,,,,,,,,,,,,,,,
20200505,AJK,76,,,,,,,,,,,,,,0,,,,,,,,,,,,,,,,,,,,,,,,,,,,,,,,,,,,
20200506,AJK,76,,,,,,,,,,,,,,0,,,,,,,,,,,,,,,,,,,,,,,,,,,,,,,,,,,,
20200507,AJK,78,,,,,,,,,,,,,,0,,,,,,,,,,,,,,,,,,,,,,,,,,,,,,,,,,,,
20200508,AJK,79,,,,,,,,,,,,,,0,,,,,,,,,,,,,,,,,,,,,,,,,,,,,,,,,,,,
20200509,AJK,86,,,,,,,,,,,,,,0,,,,,,,,,,,,,,,,,,,,,,,,,,,,,,,,,,,,
20200510,AJK,86,,,,,,,,,,,,,,1,,,,,,,,,,,,,,,,,,,,,,,,,,,,,,,,,,,,
20200511,AJK,86,,,,,,,,,,,,,,1,,,,,,,,,,,,,,,,,,,,,,,,,,,,,,,,,,,,
20200512,AJK,88,,,,,,,,,,,,,,1,,,,,,,,,,,,,,,,,,,,,,,,,,,,,,,,,,,,
20200513,AJK,91,,,,,,,,,,,,,,1,,,,,,,,,,,,,,,,,,,,,,,,,,,,,,,,,,,,
20200514,AJK,105,,,,,,,,,,,,,,1,,,,,,,,,,,,,,,,,,,,,,,,,,,,,,,,,,,,
20200515,AJK,108,,,,,,,,,,,,,,1,,,,,,,,,,,,,,,,,,,,,,,,,,,,,,,,,,,,
20200516,AJK,112,,,,,,,,,,,,,,1,,,,,,,,,,,,,,,,,,,,,,,,,,,,,,,,,,,,
20200517,AJK,112,,,,,,,,,,,,,,1,,,,,,,,,,,,,,,,,,,,,,,,,,,,,,,,,,,,
20200518,AJK,115,,,,,,,,,,,,,,1,,,,,,,,,,,,,,,,,,,,,,,,,,,,,,,,,,,,
20200519,AJK,133,,,,,,,,,,,,,,1,,,,,,,,,,,,,,,,,,,,,,,,,,,,,,,,,,,,
20200520,AJK,148,,,,,,,,,,,,,,1,,,,,,,,,,,,,,,,,,,,,,,,,,,,,,,,,,,,
20200521,AJK,158,,,,,,,,,,,,,,1,,,,,,,,,,,,,,,,,,,,,,,,,,,,,,,,,,,,
20200522,AJK,171,,,,,,,,,,,,,,1,,,,,,,,,,,,,,,,,,,,,,,,,,,,,,,,,,,,
20200523,AJK,197,,,,,,,,,,,,,,1,,,,,,,,,,,,,,,,,,,,,,,,,,,,,,,,,,,,
20200524,AJK,209,,,,,,,,,,,,,,2,,,,,,,,,,,,,,,,,,,,,,,,,,,,,,,,,,,,
20200525,AJK,211,,,,,,,,,,,,,,2,,,,,,,,,,,,,,,,,,,,,,,,,,,,,,,,,,,,
20200526,AJK,214,,,,,,,,,,,,,,4,,,,,,,,,,,,,,,,,,,,,,,,,,,,,,,,,,,,
20200527,AJK,219,,,,,,,,,,,,,,5,,,,,,,,,,,,,,,,,,,,,,,,,,,,,,,,,,,,
20200528,AJK,227,,,,,,,,,,,,,,5,,,,,,,,,,,,,,,,,,,,,,,,,,,,,,,,,,,,
20200529,AJK,234,,,,,,,,,,,,,,6,,,,,,,,,,,,,,,,,,,,,,,,,,,,,,,,,,,,
20200530,AJK,251,,,,,,,,,,,,,,6,,,,,,,,,,,,,,,,,,,,,,,,,,,,,,,,,,,,
20200531,AJK,255,,,,,,,,,,,,,,6,,,,,,,,,,,,,,,,,,,,,,,,,,,,,,,,,,,,
20200601,AJK,271,,,,,,,,,,,,,,6,,,,,,,,,,,,,,,,,,,,,,,,,,,,,,,,,,,,
20200602,AJK,284,,,,,,,,,,,,,,7,,,,,,,,,,,,,,,,,,,,,,,,,,,,,,,,,,,,
20200603,AJK,285,,,,,,,,,,,,,,7,,,,,,,,,,,,,,,,,,,,,,,,,,,,,,,,,,,,
20200604,AJK,299,,,,,,,,,,,,,,7,,,,,,,,,,,,,,,,,,,,,,,,,,,,,,,,,,,,
20200605,AJK,331,,,,,,,,,,,,,,8,,,,,,,,,,,,,,,,,,,,,,,,,,,,,,,,,,,,
20200606,AJK,361,,,,,,,,,,,,,,8,,,,,,,,,,,,,,,,,,,,,,,,,,,,,,,,,,,,
20200607,AJK,396,,,,,,,,,,,,,,8,,,,,,,,,,,,,,,,,,,,,,,,,,,,,,,,,,,,
20200608,AJK,412,,,,,,,,,,,,,,9,,,,,,,,,,,,,,,,,,,,,,,,,,,,,,,,,,,,
20200609,AJK,444,,,,,,,,,,,,,,9,,,,,,,,,,,,,,,,,,,,,,,,,,,,,,,,,,,,
20200610,AJK,488,,,,,,,,,,,,,,9,,,,,,,,,,,,,,,,,,,,,,,,,,,,,,,,,,,,
20200611,AJK,534,,,,,,,,,,,,,,10,,,,,,,,,,,,,,,,,,,,,,,,,,,,,,,,,,,,
20200612,AJK,574,,,,,,,,,,,,,,11,,,,,,,,,,,,,,,,,,,,,,,,,,,,,,,,,,,,
20200613,AJK,604,,,,,,,,,,,,,,12,,,,,,,,,,,,,,,,,,,,,,,,,,,,,,,,,,,,
20200614,AJK,647,,,,,,,,,,,,,,13,,,,,,,,,,,,,,,,,,,,,,,,,,,,,,,,,,,,
20200615,AJK,663,,,,,,,,,,,,,,13,,,,,,,,,,,,,,,,,,,,,,,,,,,,,,,,,,,,
20200616,AJK,703,,,,,,,,,,,,,,13,,,,,,,,,,,,,,,,,,,,,,,,,,,,,,,,,,,,
20200617,AJK,740,,,,,,,,,,,,,,15,,,,,,,,,,,,,,,,,,,,,,,,,,,,,,,,,,,,
20200618,AJK,769,,,,,,,,,,,,,,15,,,,,,,,,,,,,,,,,,,,,,,,,,,,,,,,,,,,
20200619,AJK,803,,,,,,,,,,,,,,17,,,,,,,,,,,,,,,,,,,,,,,,,,,,,,,,,,,,
20200620,AJK,813,,,,,,,,,,,,,,19,,,,,,,,,,,,,,,,,,,,,,,,,,,,,,,,,,,,
20200621,AJK,845,,,,,,,,,,,,,,20,,,,,,,,,,,,,,,,,,,,,,,,,,,,,,,,,,,,
20200622,AJK,869,,,,,,,,,,,,,,22,,,,,,,,,,,,,,,,,,,,,,,,,,,,,,,,,,,,
20200623,AJK,892,,,,,,,,,,,,,,23,,,,,,,,,,,,,,,,,,,,,,,,,,,,,,,,,,,,
20200624,AJK,930,,,,,,,,,,,,,,25,,,,,,,,,,,,,,,,,,,,,,,,,,,,,,,,,,,,
20200625,AJK,962,,,,,,,,,,,,,,25,,,,,,,,,,,,,,,,,,,,,,,,,,,,,,,,,,,,
20200626,AJK,1003,,,,,,,,,,,,,,28,,,,,,,,,,,,,,,,,,,,,,,,,,,,,,,,,,,,
20200627,AJK,1027,,,,,,,,,,,,,,28,,,,,,,,,,,,,,,,,,,,,,,,,,,,,,,,,,,,
20200628,AJK,1049,,,,,,,,,,,,,,28,,,,,,,,,,,,,,,,,,,,,,,,,,,,,,,,,,,,
20200629,AJK,1065,,,,,,,,,,,,,,28,,,,,,,,,,,,,,,,,,,,,,,,,,,,,,,,,,,,
20200630,AJK,1093,,,,,,,,,,,,,,30,,,,,,,,,,,,,,,,,,,,,,,,,,,,,,,,,,,,
20200701,AJK,1135,,,,,,,,,,,,,,32,,,,,,,,,,,,,,,,,,,,,,,,,,,,,,,,,,,,
20200702,AJK,1160,,,,,,,,,,,,,,33,,,,,,,,,,,,,,,,,,,,,,,,,,,,,,,,,,,,
20200703,AJK,1214,,,,,,,,,,,,,,34,,,,,,,,,,,,,,,,,,,,,,,,,,,,,,,,,,,,
20200704,AJK,1288,,,,,,,,,,,,,,35,,,,,,,,,,,,,,,,,,,,,,,,,,,,,,,,,,,,
20200705,AJK,1342,,,,,,,,,,,,,,36,,,,,,,,,,,,,,,,,,,,,,,,,,,,,,,,,,,,
20200706,AJK,1383,,,,,,,,,,,,,,36,,,,,,,,,,,,,,,,,,,,,,,,,,,,,,,,,,,,
20200707,AJK,1419,,,,,,,,,,,,,,40,,,,,,,,,,,,,,,,,,,,,,,,,,,,,,,,,,,,
20200708,AJK,1459,,,,,,,,,,,,,,40,,,,,,,,,,,,,,,,,,,,,,,,,,,,,,,,,,,,
20200709,AJK,1485,,,,,,,,,,,,,,41,,,,,,,,,,,,,,,,,,,,,,,,,,,,,,,,,,,,
20200710,AJK,1532,,,,,,,,,,,,,,42,,,,,,,,,,,,,,,,,,,,,,,,,,,,,,,,,,,,
20200711,AJK,1564,,,,,,,,,,,,,,43,,,,,,,,,,,,,,,,,,,,,,,,,,,,,,,,,,,,
20200712,AJK,1599,,,,,,,,,,,,,,44,,,,,,,,,,,,,,,,,,,,,,,,,,,,,,,,,,,,
20200713,AJK,1655,,,,,,,,,,,,,,45,,,,,,,,,,,,,,,,,,,,,,,,,,,,,,,,,,,,
20200714,AJK,1688,,,,,,,,,,,,,,46,,,,,,,,,,,,,,,,,,,,,,,,,,,,,,,,,,,,
20200715,AJK,1771,,,,,,,,,,,,,,46,,,,,,,,,,,,,,,,,,,,,,,,,,,,,,,,,,,,
20200716,AJK,1808,,,,,,,,,,,,,,46,,,,,,,,,,,,,,,,,,,,,,,,,,,,,,,,,,,,
20200717,AJK,1840,,,,,,,,,,,,,,46,,,,,,,,,,,,,,,,,,,,,,,,,,,,,,,,,,,,
20200718,AJK,1888,,,,,,,,,,,,,,47,,,,,,,,,,,,,,,,,,,,,,,,,,,,,,,,,,,,
20200719,AJK,1915,,,,,,,,,,,,,,47,,,,,,,,,,,,,,,,,,,,,,,,,,,,,,,,,,,,
20200720,AJK,1922,,,,,,,,,,,,,,47,,,,,,,,,,,,,,,,,,,,,,,,,,,,,,,,,,,,
20200721,AJK,1937,,,,,,,,,,,,,,47,,,,,,,,,,,,,,,,,,,,,,,,,,,,,,,,,,,,
20200722,AJK,1961,,,,,,,,,,,,,,48,,,,,,,,,,,,,,,,,,,,,,,,,,,,,,,,,,,,
20200723,AJK,1989,,,,,,,,,,,,,,49,,,,,,,,,,,,,,,,,,,,,,,,,,,,,,,,,,,,
20200724,AJK,2012,,,,,,,,,,,,,,49,,,,,,,,,,,,,,,,,,,,,,,,,,,,,,,,,,,,
20200725,AJK,2023,,,,,,,,,,,,,,49,,,,,,,,,,,,,,,,,,,,,,,,,,,,,,,,,,,,
20200726,AJK,2034,,,,,,,,,,,,,,49,,,,,,,,,,,,,,,,,,,,,,,,,,,,,,,,,,,,
20200727,AJK,2040,,,,,,,,,,,,,,49,,,,,,,,,,,,,,,,,,,,,,,,,,,,,,,,,,,,
20200728,AJK,2055,,,,,,,,,,,,,,50,,,,,,,,,,,,,,,,,,,,,,,,,,,,,,,,,,,,
20200729,AJK,2065,,,,,,,,,,,,,,51,,,,,,,,,,,,,,,,,,,,,,,,,,,,,,,,,,,,
20200730,AJK,2073,,,,,,,,,,,,,,54,,,,,,,,,,,,,,,,,,,,,,,,,,,,,,,,,,,,
20200731,AJK,2084,,,,,,,,,,,,,,54,,,,,,,,,,,,,,,,,,,,,,,,,,,,,,,,,,,,
20200801,AJK,2086,,,,,,,,,,,,,,54,,,,,,,,,,,,,,,,,,,,,,,,,,,,,,,,,,,,
20200802,AJK,2093,,,,,,,,,,,,,,54,,,,,,,,,,,,,,,,,,,,,,,,,,,,,,,,,,,,
20200803,AJK,2097,,,,,,,,,,,,,,54,,,,,,,,,,,,,,,,,,,,,,,,,,,,,,,,,,,,
20200804,AJK,2105,,,,,,,,,,,,,,55,,,,,,,,,,,,,,,,,,,,,,,,,,,,,,,,,,,,
20200805,AJK,2116,,,,,,,,,,,,,,55,,,,,,,,,,,,,,,,,,,,,,,,,,,,,,,,,,,,
20200806,AJK,2124,,,,,,,,,,,,,,57,,,,,,,,,,,,,,,,,,,,,,,,,,,,,,,,,,,,
20200807,AJK,2129,,,,,,,,,,,,,,58,,,,,,,,,,,,,,,,,,,,,,,,,,,,,,,,,,,,
20200808,AJK,2134,,,,,,,,,,,,,,58,,,,,,,,,,,,,,,,,,,,,,,,,,,,,,,,,,,,
20200809,AJK,2141,,,,,,,,,,,,,,58,,,,,,,,,,,,,,,,,,,,,,,,,,,,,,,,,,,,
20200810,AJK,2150,,,,,,,,,,,,,,59,,,,,,,,,,,,,,,,,,,,,,,,,,,,,,,,,,,,
20200811,AJK,2157,,,,,,,,,,,,,,59,,,,,,,,,,,,,,,,,,,,,,,,,,,,,,,,,,,,
20200812,AJK,2164,,,,,,,,,,,,,,59,,,,,,,,,,,,,,,,,,,,,,,,,,,,,,,,,,,,
20200813,AJK,2167,,,,,,,,,,,,,,59,,,,,,,,,,,,,,,,,,,,,,,,,,,,,,,,,,,,
20200814,AJK,2179,,,,,,,,,,,,,,60,,,,,,,,,,,,,,,,,,,,,,,,,,,,,,,,,,,,
20200815,AJK,2181,,,,,,,,,,,,,,60,,,,,,,,,,,,,,,,,,,,,,,,,,,,,,,,,,,,
20200816,AJK,2184,,,,,,,,,,,,,,60,,,,,,,,,,,,,,,,,,,,,,,,,,,,,,,,,,,,
20200817,AJK,2199,,,,,,,,,,,,,,61,,,,,,,,,,,,,,,,,,,,,,,,,,,,,,,,,,,,
20200818,AJK,2212,,,,,,,,,,,,,,61,,,,,,,,,,,,,,,,,,,,,,,,,,,,,,,,,,,,
20200819,AJK,2219,,,,,,,,,,,,,,61,,,,,,,,,,,,,,,,,,,,,,,,,,,,,,,,,,,,
20200820,AJK,2223,,,,,,,,,,,,,,61,,,,,,,,,,,,,,,,,,,,,,,,,,,,,,,,,,,,
20200821,AJK,2241,,,,,,,,,,,,,,61,,,,,,,,,,,,,,,,,,,,,,,,,,,,,,,,,,,,
20200822,AJK,2245,,,,,,,,,,,,,,61,,,,,,,,,,,,,,,,,,,,,,,,,,,,,,,,,,,,
20200823,AJK,2254,,,,,,,,,,,,,,61,,,,,,,,,,,,,,,,,,,,,,,,,,,,,,,,,,,,
20200226,Pakistan,1,,,,,,,,,,,,,,0,,,,,,,,,,,,,,,,,,,,,,,,,,,,,,,,,,,,
20200227,Pakistan,2,,,,,,,,,,,,,,0,,,,,,,,,,,,,,,,,,,,,,,,,,,,,,,,,,,,
20200228,Pakistan,2,,,,,,,,,,,,,,0,,,,,,,,,,,,,,,,,,,,,,,,,,,,,,,,,,,,
20200301,Pakistan,2,,,,,,,,,,,,,,0,,,,,,,,,,,,,,,,,,,,,,,,,,,,,,,,,,,,
20200302,Pakistan,3,,,,,,,,,,,,,,0,,,,,,,,,,,,,,,,,,,,,,,,,,,,,,,,,,,,
20200303,Pakistan,5,,,,,,,,,,,,,,0,,,,,,,,,,,,,,,,,,,,,,,,,,,,,,,,,,,,
20200304,Pakistan,6,,,,,,,,,,,,,,0,,,,,,,,,,,,,,,,,,,,,,,,,,,,,,,,,,,,
20200305,Pakistan,8,,,,,,,,,,,,,,0,,,,,,,,,,,,,,,,,,,,,,,,,,,,,,,,,,,,
20200306,Pakistan,9,,,,,,,,,,,,,,0,,,,,,,,,,,,,,,,,,,,,,,,,,,,,,,,,,,,
20200307,Pakistan,9,,,,,,,,,,,,,,0,,,,,,,,,,,,,,,,,,,,,,,,,,,,,,,,,,,,
20200308,Pakistan,9,,,,,,,,,,,,,,0,,,,,,,,,,,,,,,,,,,,,,,,,,,,,,,,,,,,
20200309,Pakistan,18,,,,,,,,,,,,,,0,,,,,,,,,,,,,,,,,,,,,,,,,,,,,,,,,,,,
20200310,Pakistan,19,,,,,,,,,,,,,,0,,,,,,,,,,,,,,,,,,,,,,,,,,,,,,,,,,,,
20200311,Pakistan,20,,,,,,,,,,,,,,0,,,,,,,,,,,,,,,,,,,,,,,,,,,,,,,,,,,,
20200312,Pakistan,21,,,,,,,,,,,,,,0,,,,,,,,,,,,,,,,,,,,,,,,,,,,,,,,,,,,
20200313,Pakistan,28,,,,,,,,,,,,,,0,,,,,,,,,,,,,,,,,,,,,,,,,,,,,,,,,,,,
20200314,Pakistan,31,,,,,,,,,,,,,,0,,,,,,,,,,,,,,,,,,,,,,,,,,,,,,,,,,,,
20200315,Pakistan,53,,,,,,,,,,,,,,0,,,,,,,,,,,,,,,,,,,,,,,,,,,,,,,,,,,,
20200316,Pakistan,187,,,,,,,,,,,,,,0,,,,,,,,,,,,,,,,,,,,,,,,,,,,,,,,,,,,
20200317,Pakistan,238,,,,,,,,,,,,,,0,,,,,,,,,,,,,,,,,,,,,,,,,,,,,,,,,,,,
20200318,Pakistan,302,,,,,,,,,,,,,,2,,,,,,,,,,,,,,,,,,,,,,,,,,,,,,,,,,,,
20200319,Pakistan,457,,,,,,,,,,,,,,2,,,,,,,,,,,,,,,,,,,,,,,,,,,,,,,,,,,,
20200320,Pakistan,534,,,,,,,,,,,,,,3,,,,,,,,,,,,,,,,,,,,,,,,,,,,,,,,,,,,
20200321,Pakistan,646,,,,,,,,,,,,,,3,,,,,,,,,,,,,,,,,,,,,,,,,,,,,,,,,,,,
20200322,Pakistan,803,,,,,,,,,,,,,,6,,,,,,,,,,,,,,,,,,,,,,,,,,,,,,,,,,,,
20200323,Pakistan,892,,,,,,,,,,,,,,6,,,,,,,,,,,,,,,,,,,,,,,,,,,,,,,,,,,,
20200324,Pakistan,1000,,,,,,,,,,,,,,7,,,,,,,,,,,,,,,,,,,,,,,,,,,,,,,,,,,,
20200325,Pakistan,1102,,,,,,,,,,,,,,8,,,,,,,,,,,,,,,,,,,,,,,,,,,,,,,,,,,,
20200326,Pakistan,1235,,,,,,,,,,,,,,9,,,,,,,,,,,,,,,,,,,,,,,,,,,,,,,,,,,,
20200327,Pakistan,1405,,,,,,,,,,,,,,11,,,,,,,,,,,,,,,,,,,,,,,,,,,,,,,,,,,,
20200328,Pakistan,1526,,,,,,,,,,,,,,13,,,,,,,,,,,,,,,,,,,,,,,,,,,,,,,,,,,,
20200329,Pakistan,1625,,,,,,,,,,,,,,18,,,,,,,,,,,,,,,,,,,,,,,,,,,,,,,,,,,,
20200330,Pakistan,1861,,,,,,,,,,,,,,25,,,,,,,,,,,,,,,,,,,,,,,,,,,,,,,,,,,,
20200331,Pakistan,2039,,,,,,,,,,,,,,26,,,,,,,,,,,,,,,,,,,,,,,,,,,,,,,,,,,,
20200401,Pakistan,2289,,,,,,,,,,,,,,31,,,,,,,,,,,,,,,,,,,,,,,,,,,,,,,,,,,,
20200402,Pakistan,2450,,,,,,,,,,,,,,35,,,,,,,,,,,,,,,,,,,,,,,,,,,,,,,,,,,,
20200403,Pakistan,2708,,,,,,,,,,,,,,40,,,,,,,,,,,,,,,,,,,,,,,,,,,,,,,,,,,,
20200404,Pakistan,2880,,,,,,,,,,,,,,45,,,,,,,,,,,,,,,,,,,,,,,,,,,,,,,,,,,,
20200405,Pakistan,3287,,,,,,,,,,,,,,50,,,,,,,,,,,,,,,,,,,,,,,,,,,,,,,,,,,,
20200406,Pakistan,3864,,,,,,,,,,,,,,54,,,,,,,,,,,,,,,,,,,,,,,,,,,,,,,,,,,,
20200407,Pakistan,4074,,,,,,,,,,,,,,58,,,,,,,,,,,,,,,,,,,,,,,,,,,,,,,,,,,,
20200408,Pakistan,4317,,,,,,,,,,,,,,63,,,,,,,,,,,,,,,,,,,,,,,,,,,,,,,,,,,,
20200409,Pakistan,4598,,,,,,,,,,,,,,66,,,,,,,,,,,,,,,,,,,,,,,,,,,,,,,,,,,,
20200410,Pakistan,4784,,,,,,,,,,,,,,71,,,,,,,,,,,,,,,,,,,,,,,,,,,,,,,,,,,,
20200411,Pakistan,5038,,,,,,,,,,,,,,86,,,,,,,,,,,,,,,,,,,,,,,,,,,,,,,,,,,,
20200412,Pakistan,5374,,,,,,,,,,,,,,93,,,,,,,,,,,,,,,,,,,,,,,,,,,,,,,,,,,,
20200413,Pakistan,5716,,,,,,,,,,,,,,96,,,,,,,,,,,,,,,,,,,,,,,,,,,,,,,,,,,,
20200414,Pakistan,5985,,,,,,,,,,,,,,107,,,,,,,,,,,,,,,,,,,,,,,,,,,,,,,,,,,,
20200415,Pakistan,6528,,,,,,,,,,,,,,124,,,,,,,,,,,,,,,,,,,,,,,,,,,,,,,,,,,,
20200416,Pakistan,7025,,,,,,,,,,,,,,135,,,,,,,,,,,,,,,,,,,,,,,,,,,,,,,,,,,,
20200417,Pakistan,7479,,,,,,,,,,,,,,143,,,,,,,,,,,,,,,,,,,,,,,,,,,,,,,,,,,,
20200418,Pakistan,7993,,,,,,,,,,,,,,159,,,,,,,,,,,,,,,,,,,,,,,,,,,,,,,,,,,,
20200419,Pakistan,8420,,,,,,,,,,,,,,176,,,,,,,,,,,,,,,,,,,,,,,,,,,,,,,,,,,,
20200420,Pakistan,9216,,,,,,,,,,,,,,192,,,,,,,,,,,,,,,,,,,,,,,,,,,,,,,,,,,,
20200421,Pakistan,9771,,,,,,,,,,,,,,209,,,,,,,,,,,,,,,,,,,,,,,,,,,,,,,,,,,,
20200422,Pakistan,10513,,,,,,,,,,,,,,224,,,,,,,,,,,,,,,,,,,,,,,,,,,,,,,,,,,,
20200423,Pakistan,11155,,,,,,,,,,,,,,237,,,,,,,,,,,,,,,,,,,,,,,,,,,,,,,,,,,,
20200424,Pakistan,11940,,,,,,,,,,,,,,253,,,,,,,,,,,,,,,,,,,,,,,,,,,,,,,,,,,,
20200425,Pakistan,12723,,,,,,,,,,,,,,269,,,,,,,,,,,,,,,,,,,,,,,,,,,,,,,,,,,,
20200426,Pakistan,13328,,,,,,,,,,,,,,281,,,,,,,,,,,,,,,,,,,,,,,,,,,,,,,,,,,,
20200427,Pakistan,14079,,,,,,,,,,,,,,301,,,,,,,,,,,,,,,,,,,,,,,,,,,,,,,,,,,,
20200428,Pakistan,14885,,,,,,,,,,,,,,327,,,,,,,,,,,,,,,,,,,,,,,,,,,,,,,,,,,,
20200429,Pakistan,15827,,,,,,,,,,,,,,361,,,,,,,,,,,,,,,,,,,,,,,,,,,,,,,,,,,,
20200430,Pakistan,16817,,,,,,,,,,,,,,385,,,,,,,,,,,,,,,,,,,,,,,,,,,,,,,,,,,,
20200501,Pakistan,18114,,,,,,,,,,,,,,417,,,,,,,,,,,,,,,,,,,,,,,,,,,,,,,,,,,,
20200502,Pakistan,19103,,,,,,,,,,,,,,440,,,,,,,,,,,,,,,,,,,,,,,,,,,,,,,,,,,,
20200503,Pakistan,20186,,,,,,,,,,,,,,462,,,,,,,,,,,,,,,,,,,,,,,,,,,,,,,,,,,,
20200504,Pakistan,21501,,,,,,,,,,,,,,486,,,,,,,,,,,,,,,,,,,,,,,,,,,,,,,,,,,,
20200505,Pakistan,22550,,,,,,,,,,,,,,526,,,,,,,,,,,,,,,,,,,,,,,,,,,,,,,,,,,,
20200506,Pakistan,24073,,,,,,,,,,,,,,564,,,,,,,,,,,,,,,,,,,,,,,,,,,,,,,,,,,,
20200507,Pakistan,25837,,,,,,,,,,,,,,594,,,,,,,,,,,,,,,,,,,,,,,,,,,,,,,,,,,,
20200508,Pakistan,27474,,,,,,,,,,,,,,618,,,,,,,,,,,,,,,,,,,,,,,,,,,,,,,,,,,,
20200509,Pakistan,29465,,,,,,,,,,,,,,639,,,,,,,,,,,,,,,,,,,,,,,,,,,,,,,,,,,,
20200510,Pakistan,30941,,,,,,,,,,,,,,668,,,,,,,,,,,,,,,,,,,,,,,,,,,,,,,,,,,,
20200511,Pakistan,32081,,,,,,,,,,,,,,706,,,,,,,,,,,,,,,,,,,,,,,,,,,,,,,,,,,,
20200512,Pakistan,34336,,,,,,,,,,,,,,737,,,,,,,,,,,,,,,,,,,,,,,,,,,,,,,,,,,,
20200513,Pakistan,35788,,,,,,,,,,,,,,770,,,,,,,,,,,,,,,,,,,,,,,,,,,,,,,,,,,,
20200514,Pakistan,37218,,,,,,,,,,,,,,803,,,,,,,,,,,,,,,,,,,,,,,,,,,,,,,,,,,,
20200515,Pakistan,38799,,,,,,,,,,,,,,834,,,,,,,,,,,,,,,,,,,,,,,,,,,,,,,,,,,,
20200516,Pakistan,40151,,,,,,,,,,,,,,873,,,,,,,,,,,,,,,,,,,,,,,,,,,,,,,,,,,,
20200517,Pakistan,42125,,,,,,,,,,,,,,903,,,,,,,,,,,,,,,,,,,,,,,,,,,,,,,,,,,,
20200518,Pakistan,43966,,,,,,,,,,,,,,939,,,,,,,,,,,,,,,,,,,,,,,,,,,,,,,,,,,,
20200519,Pakistan,45898,,,,,,,,,,,,,,985,,,,,,,,,,,,,,,,,,,,,,,,,,,,,,,,,,,,
20200520,Pakistan,48091,,,,,,,,,,,,,,1017,,,,,,,,,,,,,,,,,,,,,,,,,,,,,,,,,,,,
20200521,Pakistan,50694,,,,,,,,,,,,,,1067,,,,,,,,,,,,,,,,,,,,,,,,,,,,,,,,,,,,
20200522,Pakistan,52437,,,,,,,,,,,,,,1101,,,,,,,,,,,,,,,,,,,,,,,,,,,,,,,,,,,,
20200523,Pakistan,54601,,,,,,,,,,,,,,1133,,,,,,,,,,,,,,,,,,,,,,,,,,,,,,,,,,,,
20200524,Pakistan,56349,,,,,,,,,,,,,,1167,,,,,,,,,,,,,,,,,,,,,,,,,,,,,,,,,,,,
20200525,Pakistan,57705,,,,,,,,,,,,,,1197,,,,,,,,,,,,,,,,,,,,,,,,,,,,,,,,,,,,
20200526,Pakistan,59151,,,,,,,,,,,,,,1225,,,,,,,,,,,,,,,,,,,,,,,,,,,,,,,,,,,,
20200527,Pakistan,61392,,,,,,,,,,,,,,1260,,,,,,,,,,,,,,,,,,,,,,,,,,,,,,,,,,,,
20200528,Pakistan,64028,,,,,,,,,,,,,,1317,,,,,,,,,,,,,,,,,,,,,,,,,,,,,,,,,,,,
20200529,Pakistan,66457,,,,,,,,,,,,,,1395,,,,,,,,,,,,,,,,,,,,,,,,,,,,,,,,,,,,
20200530,Pakistan,69496,,,,,,,,,,,,,,1483,,,,,,,,,,,,,,,,,,,,,,,,,,,,,,,,,,,,
20200531,Pakistan,72460,,,,,,,,,,,,,,1543,,,,,,,,,,,,,,,,,,,,,,,,,,,,,,,,,,,,
20200601,Pakistan,76332,,,,,,,,,,,,,,1621,,,,,,,,,,,,,,,,,,,,,,,,,,,,,,,,,,,,
20200602,Pakistan,80576,,,,,,,,,,,,,,1688,,,,,,,,,,,,,,,,,,,,,,,,,,,,,,,,,,,,
20200603,Pakistan,84353,,,,,,,,,,,,,,1770,,,,,,,,,,,,,,,,,,,,,,,,,,,,,,,,,,,,
20200604,Pakistan,89249,,,,,,,,,,,,,,1838,,,,,,,,,,,,,,,,,,,,,,,,,,,,,,,,,,,,
20200605,Pakistan,93983,,,,,,,,,,,,,,1935,,,,,,,,,,,,,,,,,,,,,,,,,,,,,,,,,,,,
20200606,Pakistan,98943,,,,,,,,,,,,,,2002,,,,,,,,,,,,,,,,,,,,,,,,,,,,,,,,,,,,
20200607,Pakistan,103671,,,,,,,,,,,,,,2067,,,,,,,,,,,,,,,,,,,,,,,,,,,,,,,,,,,,
20200608,Pakistan,108317,,,,,,,,,,,,,,2172,,,,,,,,,,,,,,,,,,,,,,,,,,,,,,,,,,,,
20200609,Pakistan,113702,,,,,,,,,,,,,,2255,,,,,,,,,,,,,,,,,,,,,,,,,,,,,,,,,,,,
20200610,Pakistan,119536,,,,,,,,,,,,,,2356,,,,,,,,,,,,,,,,,,,,,,,,,,,,,,,,,,,,
20200611,Pakistan,125933,,,,,,,,,,,,,,2463,,,,,,,,,,,,,,,,,,,,,,,,,,,,,,,,,,,,
20200612,Pakistan,132405,,,,,,,,,,,,,,2551,,,,,,,,,,,,,,,,,,,,,,,,,,,,,,,,,,,,
20200613,Pakistan,139230,,,,,,,,,,,,,,2632,,,,,,,,,,,,,,,,,,,,,,,,,,,,,,,,,,,,
20200614,Pakistan,144478,,,,,,,,,,,,,,2728,,,,,,,,,,,,,,,,,,,,,,,,,,,,,,,,,,,,
20200615,Pakistan,148921,,,,,,,,,,,,,,2839,,,,,,,,,,,,,,,,,,,,,,,,,,,,,,,,,,,,
20200616,Pakistan,154760,,,,,,,,,,,,,,2975,,,,,,,,,,,,,,,,,,,,,,,,,,,,,,,,,,,,
20200617,Pakistan,160118,,,,,,,,,,,,,,3093,,,,,,,,,,,,,,,,,,,,,,,,,,,,,,,,,,,,
20200618,Pakistan,165062,,,,,,,,,,,,,,3229,,,,,,,,,,,,,,,,,,,,,,,,,,,,,,,,,,,,
20200619,Pakistan,171666,,,,,,,,,,,,,,3382,,,,,,,,,,,,,,,,,,,,,,,,,,,,,,,,,,,,
20200620,Pakistan,176617,,,,,,,,,,,,,,3501,,,,,,,,,,,,,,,,,,,,,,,,,,,,,,,,,,,,
20200621,Pakistan,181088,,,,,,,,,,,,,,3590,,,,,,,,,,,,,,,,,,,,,,,,,,,,,,,,,,,,
20200622,Pakistan,185034,,,,,,,,,,,,,,3695,,,,,,,,,,,,,,,,,,,,,,,,,,,,,,,,,,,,
20200623,Pakistan,188926,,,,,,,,,,,,,,3755,,,,,,,,,,,,,,,,,,,,,,,,,,,,,,,,,,,,
20200624,Pakistan,192970,,,,,,,,,,,,,,3903,,,,,,,,,,,,,,,,,,,,,,,,,,,,,,,,,,,,
20200625,Pakistan,195745,,,,,,,,,,,,,,3961,,,,,,,,,,,,,,,,,,,,,,,,,,,,,,,,,,,,
20200626,Pakistan,198883,,,,,,,,,,,,,,4035,,,,,,,,,,,,,,,,,,,,,,,,,,,,,,,,,,,,
20200627,Pakistan,202955,,,,,,,,,,,,,,4118,,,,,,,,,,,,,,,,,,,,,,,,,,,,,,,,,,,,
20200628,Pakistan,206491,,,,,,,,,,,,,,4186,,,,,,,,,,,,,,,,,,,,,,,,,,,,,,,,,,,,
20200629,Pakistan,209337,,,,,,,,,,,,,,4304,,,,,,,,,,,,,,,,,,,,,,,,,,,,,,,,,,,,
20200630,Pakistan,213470,,,,,,,,,,,,,,4395,,,,,,,,,,,,,,,,,,,,,,,,,,,,,,,,,,,,
20200701,Pakistan,217809,,,,,,,,,,,,,,4473,,,,,,,,,,,,,,,,,,,,,,,,,,,,,,,,,,,,
20200702,Pakistan,221896,,,,,,,,,,,,,,4551,,,,,,,,,,,,,,,,,,,,,,,,,,,,,,,,,,,,
20200703,Pakistan,225283,,,,,,,,,,,,,,4619,,,,,,,,,,,,,,,,,,,,,,,,,,,,,,,,,,,,
20200704,Pakistan,228474,,,,,,,,,,,,,,4712,,,,,,,,,,,,,,,,,,,,,,,,,,,,,,,,,,,,
20200705,Pakistan,231818,,,,,,,,,,,,,,4762,,,,,,,,,,,,,,,,,,,,,,,,,,,,,,,,,,,,
20200706,Pakistan,234509,,,,,,,,,,,,,,4839,,,,,,,,,,,,,,,,,,,,,,,,,,,,,,,,,,,,
20200707,Pakistan,237489,,,,,,,,,,,,,,4922,,,,,,,,,,,,,,,,,,,,,,,,,,,,,,,,,,,,
20200708,Pakistan,240848,,,,,,,,,,,,,,4983,,,,,,,,,,,,,,,,,,,,,,,,,,,,,,,,,,,,
20200709,Pakistan,243599,,,,,,,,,,,,,,5058,,,,,,,,,,,,,,,,,,,,,,,,,,,,,,,,,,,,
20200710,Pakistan,246351,,,,,,,,,,,,,,5123,,,,,,,,,,,,,,,,,,,,,,,,,,,,,,,,,,,,
20200711,Pakistan,248856,,,,,,,,,,,,,,5197,,,,,,,,,,,,,,,,,,,,,,,,,,,,,,,,,,,,
20200712,Pakistan,251625,,,,,,,,,,,,,,5270,,,,,,,,,,,,,,,,,,,,,,,,,,,,,,,,,,,,
20200713,Pakistan,253604,,,,,,,,,,,,,,5319,,,,,,,,,,,,,,,,,,,,,,,,,,,,,,,,,,,,
20200714,Pakistan,255769,,,,,,,,,,,,,,5386,,,,,,,,,,,,,,,,,,,,,,,,,,,,,,,,,,,,
20200715,Pakistan,257914,,,,,,,,,,,,,,5426,,,,,,,,,,,,,,,,,,,,,,,,,,,,,,,,,,,,
20200716,Pakistan,259999,,,,,,,,,,,,,,5475,,,,,,,,,,,,,,,,,,,,,,,,,,,,,,,,,,,,
20200717,Pakistan,261917,,,,,,,,,,,,,,5522,,,,,,,,,,,,,,,,,,,,,,,,,,,,,,,,,,,,
20200718,Pakistan,263496,,,,,,,,,,,,,,5568,,,,,,,,,,,,,,,,,,,,,,,,,,,,,,,,,,,,
20200719,Pakistan,265083,,,,,,,,,,,,,,5599,,,,,,,,,,,,,,,,,,,,,,,,,,,,,,,,,,,,
20200720,Pakistan,266096,,,,,,,,,,,,,,5639,,,,,,,,,,,,,,,,,,,,,,,,,,,,,,,,,,,,
20200721,Pakistan,267428,,,,,,,,,,,,,,5677,,,,,,,,,,,,,,,,,,,,,,,,,,,,,,,,,,,,
20200722,Pakistan,269191,,,,,,,,,,,,,,5709,,,,,,,,,,,,,,,,,,,,,,,,,,,,,,,,,,,,
20200723,Pakistan,270400,,,,,,,,,,,,,,5763,,,,,,,,,,,,,,,,,,,,,,,,,,,,,,,,,,,,
20200724,Pakistan,271887,,,,,,,,,,,,,,5787,,,,,,,,,,,,,,,,,,,,,,,,,,,,,,,,,,,,
20200725,Pakistan,273113,,,,,,,,,,,,,,5822,,,,,,,,,,,,,,,,,,,,,,,,,,,,,,,,,,,,
20200726,Pakistan,274289,,,,,,,,,,,,,,5842,,,,,,,,,,,,,,,,,,,,,,,,,,,,,,,,,,,,
20200727,Pakistan,275225,,,,,,,,,,,,,,5865,,,,,,,,,,,,,,,,,,,,,,,,,,,,,,,,,,,,
20200728,Pakistan,276288,,,,,,,,,,,,,,5892,,,,,,,,,,,,,,,,,,,,,,,,,,,,,,,,,,,,
20200729,Pakistan,277402,,,,,,,,,,,,,,5924,,,,,,,,,,,,,,,,,,,,,,,,,,,,,,,,,,,,
20200730,Pakistan,278305,,,,,,,,,,,,,,5951,,,,,,,,,,,,,,,,,,,,,,,,,,,,,,,,,,,,
20200731,Pakistan,279146,,,,,,,,,,,,,,5970,,,,,,,,,,,,,,,,,,,,,,,,,,,,,,,,,,,,
20200801,Pakistan,279699,,,,,,,,,,,,,,5976,,,,,,,,,,,,,,,,,,,,,,,,,,,,,,,,,,,,
20200802,Pakistan,280029,,,,,,,,,,,,,,5984,,,,,,,,,,,,,,,,,,,,,,,,,,,,,,,,,,,,
20200803,Pakistan,280461,,,,,,,,,,,,,,5999,,,,,,,,,,,,,,,,,,,,,,,,,,,,,,,,,,,,
20200804,Pakistan,281136,,,,,,,,,,,,,,6014,,,,,,,,,,,,,,,,,,,,,,,,,,,,,,,,,,,,
20200805,Pakistan,281863,,,,,,,,,,,,,,6035,,,,,,,,,,,,,,,,,,,,,,,,,,,,,,,,,,,,
20200806,Pakistan,282645,,,,,,,,,,,,,,6054,,,,,,,,,,,,,,,,,,,,,,,,,,,,,,,,,,,,
20200807,Pakistan,283487,,,,,,,,,,,,,,6074,,,,,,,,,,,,,,,,,,,,,,,,,,,,,,,,,,,,
20200808,Pakistan,284121,,,,,,,,,,,,,,6082,,,,,,,,,,,,,,,,,,,,,,,,,,,,,,,,,,,,
20200809,Pakistan,284660,,,,,,,,,,,,,,6097,,,,,,,,,,,,,,,,,,,,,,,,,,,,,,,,,,,,
20200810,Pakistan,285191,,,,,,,,,,,,,,6112,,,,,,,,,,,,,,,,,,,,,,,,,,,,,,,,,,,,
20200811,Pakistan,285921,,,,,,,,,,,,,,6129,,,,,,,,,,,,,,,,,,,,,,,,,,,,,,,,,,,,
20200812,Pakistan,286674,,,,,,,,,,,,,,6139,,,,,,,,,,,,,,,,,,,,,,,,,,,,,,,,,,,,
20200813,Pakistan,287300,,,,,,,,,,,,,,6153,,,,,,,,,,,,,,,,,,,,,,,,,,,,,,,,,,,,
20200814,Pakistan,288047,,,,,,,,,,,,,,6162,,,,,,,,,,,,,,,,,,,,,,,,,,,,,,,,,,,,
20200815,Pakistan,288717,,,,,,,,,,,,,,6168,,,,,,,,,,,,,,,,,,,,,,,,,,,,,,,,,,,,
20200816,Pakistan,289215,,,,,,,,,,,,,,6175,,,,,,,,,,,,,,,,,,,,,,,,,,,,,,,,,,,,
20200817,Pakistan,289832,,,,,,,,,,,,,,6190,,,,,,,,,,,,,,,,,,,,,,,,,,,,,,,,,,,,
20200818,Pakistan,290445,,,,,,,,,,,,,,6201,,,,,,,,,,,,,,,,,,,,,,,,,,,,,,,,,,,,
20200819,Pakistan,290958,,,,,,,,,,,,,,6209,,,,,,,,,,,,,,,,,,,,,,,,,,,,,,,,,,,,
20200820,Pakistan,291588,,,,,,,,,,,,,,6219,,,,,,,,,,,,,,,,,,,,,,,,,,,,,,,,,,,,
20200821,Pakistan,292174,,,,,,,,,,,,,,6231,,,,,,,,,,,,,,,,,,,,,,,,,,,,,,,,,,,,
20200822,Pakistan,292765,,,,,,,,,,,,,,6235,,,,,,,,,,,,,,,,,,,,,,,,,,,,,,,,,,,,
20200823,Pakistan,293261,,,,,,,,,,,,,,6244,,,,,,,,,,,,,,,,,,,,,,,,,,,,,,,,,,,,
